# Blender 4.1.1
# www.blender.org
mtllib map04.mtl
o Cube
v 1.000000 1.000008 26.974178
v 1.000000 -0.999992 26.974178
v 1.000000 1.000008 28.974178
v 1.000000 -0.999992 28.974178
v -1.000000 1.000008 26.974178
v -1.000000 -0.999992 26.974178
v -1.000000 1.000008 28.974178
v -1.000000 -0.999992 28.974178
vn -0.0000 1.0000 -0.0000
vn -0.0000 -0.0000 1.0000
vn -1.0000 -0.0000 -0.0000
vn -0.0000 -1.0000 -0.0000
vn 1.0000 -0.0000 -0.0000
vn -0.0000 -0.0000 -1.0000
vt 0.625000 0.500000
vt 0.875000 0.500000
vt 0.875000 0.750000
vt 0.625000 0.750000
vt 0.375000 0.750000
vt 0.625000 1.000000
vt 0.375000 1.000000
vt 0.375000 0.000000
vt 0.625000 0.000000
vt 0.625000 0.250000
vt 0.375000 0.250000
vt 0.125000 0.500000
vt 0.375000 0.500000
vt 0.125000 0.750000
s 0
usemtl Material.004
f 1/1/1 5/2/1 7/3/1 3/4/1
f 4/5/2 3/4/2 7/6/2 8/7/2
f 8/8/3 7/9/3 5/10/3 6/11/3
f 6/12/4 2/13/4 4/5/4 8/14/4
f 2/13/5 1/1/5 3/4/5 4/5/5
f 6/11/6 5/10/6 1/1/6 2/13/6
o Cube.001
v -18.476391 -1.652120 14.006233
v -18.476391 -0.336901 15.321452
v -18.476391 -0.591460 12.945573
v -18.476391 0.723759 14.260792
v -10.256392 -1.652120 14.006233
v -10.256392 -0.336901 15.321452
v -10.256392 -0.591460 12.945573
v -10.256392 0.723759 14.260792
vn -1.0000 -0.0000 -0.0000
vn -0.0000 0.7071 -0.7071
vn 1.0000 -0.0000 -0.0000
vn -0.0000 -0.7071 0.7071
vn -0.0000 -0.7071 -0.7071
vn -0.0000 0.7071 0.7071
vt 0.375000 0.000000
vt 0.625000 0.000000
vt 0.625000 0.250000
vt 0.375000 0.250000
vt 0.625000 0.500000
vt 0.375000 0.500000
vt 0.625000 0.750000
vt 0.375000 0.750000
vt 0.625000 1.000000
vt 0.375000 1.000000
vt 0.125000 0.500000
vt 0.125000 0.750000
vt 0.875000 0.500000
vt 0.875000 0.750000
s 0
usemtl Материал.014
f 9/15/7 10/16/7 12/17/7 11/18/7
f 11/18/8 12/17/8 16/19/8 15/20/8
f 15/20/9 16/19/9 14/21/9 13/22/9
f 13/22/10 14/21/10 10/23/10 9/24/10
f 11/25/11 15/20/11 13/22/11 9/26/11
f 16/19/12 12/27/12 10/28/12 14/21/12
o Cube.002
v -7.304022 -1.054039 29.408607
v -6.927841 4.931346 29.592083
v -12.056026 -0.684330 27.090900
v -11.679846 5.301054 27.274376
v -6.821814 -1.054039 28.419933
v -6.445633 4.931346 28.603409
v -11.573818 -0.684330 26.102226
v -11.197638 5.301054 26.285702
vn -0.4384 -0.0000 0.8988
vn -0.8966 0.0698 -0.4373
vn 0.4384 -0.0000 -0.8988
vn 0.8966 -0.0698 0.4373
vn -0.0627 -0.9976 -0.0306
vn 0.0627 0.9976 0.0306
vt 0.375000 0.000000
vt 0.625000 0.000000
vt 0.625000 0.250000
vt 0.375000 0.250000
vt 0.625000 0.500000
vt 0.375000 0.500000
vt 0.625000 0.750000
vt 0.375000 0.750000
vt 0.625000 1.000000
vt 0.375000 1.000000
vt 0.125000 0.500000
vt 0.125000 0.750000
vt 0.875000 0.500000
vt 0.875000 0.750000
s 0
usemtl Material.005
f 17/29/13 18/30/13 20/31/13 19/32/13
f 19/32/14 20/31/14 24/33/14 23/34/14
f 23/34/15 24/33/15 22/35/15 21/36/15
f 21/36/16 22/35/16 18/37/16 17/38/16
f 19/39/17 23/34/17 21/36/17 17/40/17
f 24/33/18 20/41/18 18/42/18 22/35/18
o Cube.003
v -5.943852 -0.876492 27.320475
v -5.943852 5.123508 27.320475
v -10.822528 -0.876492 29.391350
v -10.822528 5.123509 29.391350
v -6.373656 -0.876492 26.307919
v -6.373656 5.123508 26.307919
v -11.252333 -0.876492 28.378794
v -11.252333 5.123508 28.378794
vn 0.3907 -0.0000 0.9205
vn -0.9205 -0.0000 0.3907
vn -0.3907 -0.0000 -0.9205
vn 0.9205 -0.0000 -0.3907
vn -0.0000 -1.0000 -0.0000
vn -0.0000 1.0000 -0.0000
vt 0.375000 0.000000
vt 0.625000 0.000000
vt 0.625000 0.250000
vt 0.375000 0.250000
vt 0.625000 0.500000
vt 0.375000 0.500000
vt 0.625000 0.750000
vt 0.375000 0.750000
vt 0.625000 1.000000
vt 0.375000 1.000000
vt 0.125000 0.500000
vt 0.125000 0.750000
vt 0.875000 0.500000
vt 0.875000 0.750000
s 0
usemtl Материал.015
f 25/43/19 26/44/19 28/45/19 27/46/19
f 27/46/20 28/45/20 32/47/20 31/48/20
f 31/48/21 32/47/21 30/49/21 29/50/21
f 29/50/22 30/49/22 26/51/22 25/52/22
f 27/53/23 31/48/23 29/50/23 25/54/23
f 32/47/24 28/55/24 26/56/24 30/49/24
o Cube.004
v -55.960129 -7.260615 -34.968834
v -55.960129 -0.684518 -28.392738
v -55.960129 -1.957316 -40.272133
v -55.960129 4.618781 -33.696045
v 27.555061 -7.260615 -34.968834
v 27.555061 -0.684518 -28.392738
v 27.555061 -1.957316 -40.272133
v 27.555061 4.618781 -33.696045
vn -1.0000 -0.0000 -0.0000
vn -0.0000 0.7071 -0.7071
vn 1.0000 -0.0000 -0.0000
vn -0.0000 -0.7071 0.7071
vn -0.0000 -0.7071 -0.7071
vn -0.0000 0.7071 0.7071
vt 0.375000 0.000000
vt 0.625000 0.000000
vt 0.625000 0.250000
vt 0.375000 0.250000
vt 0.625000 0.500000
vt 0.375000 0.500000
vt 0.625000 0.750000
vt 0.375000 0.750000
vt 0.625000 1.000000
vt 0.375000 1.000000
vt 0.125000 0.500000
vt 0.125000 0.750000
vt 0.875000 0.500000
vt 0.875000 0.750000
s 0
usemtl Материал.016
f 33/57/25 34/58/25 36/59/25 35/60/25
f 35/60/26 36/59/26 40/61/26 39/62/26
f 39/62/27 40/61/27 38/63/27 37/64/27
f 37/64/28 38/63/28 34/65/28 33/66/28
f 35/67/29 39/62/29 37/64/29 33/68/29
f 40/61/30 36/69/30 34/70/30 38/63/30
o Cube.005
v 24.750000 -0.421385 10.095399
v 24.750000 -0.124345 10.095399
v 24.750000 -0.421388 -10.095399
v 24.750000 -0.124348 -10.095399
v 25.250000 -0.421385 10.095399
v 25.250000 -0.124345 10.095399
v 25.250000 -0.421388 -10.095399
v 25.250000 -0.124348 -10.095399
vn -1.0000 -0.0000 -0.0000
vn -0.0000 -0.0000 -1.0000
vn 1.0000 -0.0000 -0.0000
vn -0.0000 -0.0000 1.0000
vn -0.0000 -1.0000 -0.0000
vn -0.0000 1.0000 -0.0000
vt 0.375000 0.000000
vt 0.625000 0.000000
vt 0.625000 0.250000
vt 0.375000 0.250000
vt 0.625000 0.500000
vt 0.375000 0.500000
vt 0.625000 0.750000
vt 0.375000 0.750000
vt 0.625000 1.000000
vt 0.375000 1.000000
vt 0.125000 0.500000
vt 0.125000 0.750000
vt 0.875000 0.500000
vt 0.875000 0.750000
s 0
usemtl Материал.016
f 41/71/31 42/72/31 44/73/31 43/74/31
f 43/74/32 44/73/32 48/75/32 47/76/32
f 47/76/33 48/75/33 46/77/33 45/78/33
f 45/78/34 46/77/34 42/79/34 41/80/34
f 43/81/35 47/76/35 45/78/35 41/82/35
f 48/75/36 44/83/36 42/84/36 46/77/36
o Cube.006
v 25.222084 -0.129468 10.095399
v 25.222084 0.167572 10.095399
v 25.222084 -0.129472 -10.095399
v 25.222084 0.167568 -10.095399
v 25.722084 -0.129468 10.095399
v 25.722084 0.167572 10.095399
v 25.722084 -0.129472 -10.095399
v 25.722084 0.167568 -10.095399
vn -1.0000 -0.0000 -0.0000
vn -0.0000 -0.0000 -1.0000
vn 1.0000 -0.0000 -0.0000
vn -0.0000 -0.0000 1.0000
vn -0.0000 -1.0000 -0.0000
vn -0.0000 1.0000 -0.0000
vt 0.375000 0.000000
vt 0.625000 0.000000
vt 0.625000 0.250000
vt 0.375000 0.250000
vt 0.625000 0.500000
vt 0.375000 0.500000
vt 0.625000 0.750000
vt 0.375000 0.750000
vt 0.625000 1.000000
vt 0.375000 1.000000
vt 0.125000 0.500000
vt 0.125000 0.750000
vt 0.875000 0.500000
vt 0.875000 0.750000
s 0
usemtl Материал.016
f 49/85/37 50/86/37 52/87/37 51/88/37
f 51/88/38 52/87/38 56/89/38 55/90/38
f 55/90/39 56/89/39 54/91/39 53/92/39
f 53/92/40 54/91/40 50/93/40 49/94/40
f 51/95/41 55/90/41 53/92/41 49/96/41
f 56/89/42 52/97/42 50/98/42 54/91/42
o Cube.007
v 25.703415 0.160528 10.095399
v 25.703415 0.457568 10.095399
v 25.703415 0.160524 -10.095399
v 25.703415 0.457564 -10.095399
v 26.203415 0.160528 10.095399
v 26.203415 0.457568 10.095399
v 26.203415 0.160524 -10.095399
v 26.203415 0.457564 -10.095399
vn -1.0000 -0.0000 -0.0000
vn -0.0000 -0.0000 -1.0000
vn 1.0000 -0.0000 -0.0000
vn -0.0000 -0.0000 1.0000
vn -0.0000 -1.0000 -0.0000
vn -0.0000 1.0000 -0.0000
vt 0.375000 0.000000
vt 0.625000 0.000000
vt 0.625000 0.250000
vt 0.375000 0.250000
vt 0.625000 0.500000
vt 0.375000 0.500000
vt 0.625000 0.750000
vt 0.375000 0.750000
vt 0.625000 1.000000
vt 0.375000 1.000000
vt 0.125000 0.500000
vt 0.125000 0.750000
vt 0.875000 0.500000
vt 0.875000 0.750000
s 0
usemtl Материал.016
f 57/99/43 58/100/43 60/101/43 59/102/43
f 59/102/44 60/101/44 64/103/44 63/104/44
f 63/104/45 64/103/45 62/105/45 61/106/45
f 61/106/46 62/105/46 58/107/46 57/108/46
f 59/109/47 63/104/47 61/106/47 57/110/47
f 64/103/48 60/111/48 58/112/48 62/105/48
o Cube.008
v 27.148037 1.024754 10.095399
v 27.148037 1.321794 10.095399
v 27.148037 1.024750 -10.095399
v 27.148037 1.321790 -10.095399
v 27.648037 1.024754 10.095399
v 27.648037 1.321794 10.095399
v 27.648037 1.024750 -10.095399
v 27.648037 1.321790 -10.095399
vn -1.0000 -0.0000 -0.0000
vn -0.0000 -0.0000 -1.0000
vn 1.0000 -0.0000 -0.0000
vn -0.0000 -0.0000 1.0000
vn -0.0000 -1.0000 -0.0000
vn -0.0000 1.0000 -0.0000
vt 0.375000 0.000000
vt 0.625000 0.000000
vt 0.625000 0.250000
vt 0.375000 0.250000
vt 0.625000 0.500000
vt 0.375000 0.500000
vt 0.625000 0.750000
vt 0.375000 0.750000
vt 0.625000 1.000000
vt 0.375000 1.000000
vt 0.125000 0.500000
vt 0.125000 0.750000
vt 0.875000 0.500000
vt 0.875000 0.750000
s 0
usemtl Материал.016
f 65/113/49 66/114/49 68/115/49 67/116/49
f 67/116/50 68/115/50 72/117/50 71/118/50
f 71/118/51 72/117/51 70/119/51 69/120/51
f 69/120/52 70/119/52 66/121/52 65/122/52
f 67/123/53 71/118/53 69/120/53 65/124/53
f 72/117/54 68/125/54 66/126/54 70/119/54
o Cube.009
v 26.666706 0.734758 10.095399
v 26.666706 1.031798 10.095399
v 26.666706 0.734754 -10.095399
v 26.666706 1.031794 -10.095399
v 27.166706 0.734758 10.095399
v 27.166706 1.031798 10.095399
v 27.166706 0.734754 -10.095399
v 27.166706 1.031794 -10.095399
vn -1.0000 -0.0000 -0.0000
vn -0.0000 -0.0000 -1.0000
vn 1.0000 -0.0000 -0.0000
vn -0.0000 -0.0000 1.0000
vn -0.0000 -1.0000 -0.0000
vn -0.0000 1.0000 -0.0000
vt 0.375000 0.000000
vt 0.625000 0.000000
vt 0.625000 0.250000
vt 0.375000 0.250000
vt 0.625000 0.500000
vt 0.375000 0.500000
vt 0.625000 0.750000
vt 0.375000 0.750000
vt 0.625000 1.000000
vt 0.375000 1.000000
vt 0.125000 0.500000
vt 0.125000 0.750000
vt 0.875000 0.500000
vt 0.875000 0.750000
s 0
usemtl Материал.016
f 73/127/55 74/128/55 76/129/55 75/130/55
f 75/130/56 76/129/56 80/131/56 79/132/56
f 79/132/57 80/131/57 78/133/57 77/134/57
f 77/134/58 78/133/58 74/135/58 73/136/58
f 75/137/59 79/132/59 77/134/59 73/138/59
f 80/131/60 76/139/60 74/140/60 78/133/60
o Cube.010
v 26.194622 0.442841 10.095399
v 26.194622 0.739881 10.095399
v 26.194622 0.442838 -10.095399
v 26.194622 0.739878 -10.095399
v 26.694622 0.442841 10.095399
v 26.694622 0.739881 10.095399
v 26.694622 0.442838 -10.095399
v 26.694622 0.739878 -10.095399
vn -1.0000 -0.0000 -0.0000
vn -0.0000 -0.0000 -1.0000
vn 1.0000 -0.0000 -0.0000
vn -0.0000 -0.0000 1.0000
vn -0.0000 -1.0000 -0.0000
vn -0.0000 1.0000 -0.0000
vt 0.375000 0.000000
vt 0.625000 0.000000
vt 0.625000 0.250000
vt 0.375000 0.250000
vt 0.625000 0.500000
vt 0.375000 0.500000
vt 0.625000 0.750000
vt 0.375000 0.750000
vt 0.625000 1.000000
vt 0.375000 1.000000
vt 0.125000 0.500000
vt 0.125000 0.750000
vt 0.875000 0.500000
vt 0.875000 0.750000
s 0
usemtl Материал.016
f 81/141/61 82/142/61 84/143/61 83/144/61
f 83/144/62 84/143/62 88/145/62 87/146/62
f 87/146/63 88/145/63 86/147/63 85/148/63
f 85/148/64 86/147/64 82/149/64 81/150/64
f 83/151/65 87/146/65 85/148/65 81/152/65
f 88/145/66 84/153/66 82/154/66 86/147/66
o Cube.011
v 1.000000 1.000008 26.974178
v 1.000000 -0.999992 26.974178
v 1.000000 1.000008 28.974178
v 1.000000 -0.999992 28.974178
v -1.000000 1.000008 26.974178
v -1.000000 -0.999992 26.974178
v -1.000000 1.000008 28.974178
v -1.000000 -0.999992 28.974178
vn -0.0000 1.0000 -0.0000
vn -0.0000 -0.0000 1.0000
vn -1.0000 -0.0000 -0.0000
vn -0.0000 -1.0000 -0.0000
vn 1.0000 -0.0000 -0.0000
vn -0.0000 -0.0000 -1.0000
vt 0.625000 0.500000
vt 0.875000 0.500000
vt 0.875000 0.750000
vt 0.625000 0.750000
vt 0.375000 0.750000
vt 0.625000 1.000000
vt 0.375000 1.000000
vt 0.375000 0.000000
vt 0.625000 0.000000
vt 0.625000 0.250000
vt 0.375000 0.250000
vt 0.125000 0.500000
vt 0.375000 0.500000
vt 0.125000 0.750000
s 0
usemtl Material.006
f 89/155/67 93/156/67 95/157/67 91/158/67
f 92/159/68 91/158/68 95/160/68 96/161/68
f 96/162/69 95/163/69 93/164/69 94/165/69
f 94/166/70 90/167/70 92/159/70 96/168/70
f 90/167/71 89/155/71 91/158/71 92/159/71
f 94/165/72 93/164/72 89/155/72 90/167/72
o Cube.012
v -18.476391 -1.652120 14.006233
v -18.476391 -0.336901 15.321452
v -18.476391 -0.591460 12.945573
v -18.476391 0.723759 14.260792
v -10.256392 -1.652120 14.006233
v -10.256392 -0.336901 15.321452
v -10.256392 -0.591460 12.945573
v -10.256392 0.723759 14.260792
vn -1.0000 -0.0000 -0.0000
vn -0.0000 0.7071 -0.7071
vn 1.0000 -0.0000 -0.0000
vn -0.0000 -0.7071 0.7071
vn -0.0000 -0.7071 -0.7071
vn -0.0000 0.7071 0.7071
vt 0.375000 0.000000
vt 0.625000 0.000000
vt 0.625000 0.250000
vt 0.375000 0.250000
vt 0.625000 0.500000
vt 0.375000 0.500000
vt 0.625000 0.750000
vt 0.375000 0.750000
vt 0.625000 1.000000
vt 0.375000 1.000000
vt 0.125000 0.500000
vt 0.125000 0.750000
vt 0.875000 0.500000
vt 0.875000 0.750000
s 0
usemtl Материал.017
f 97/169/73 98/170/73 100/171/73 99/172/73
f 99/172/74 100/171/74 104/173/74 103/174/74
f 103/174/75 104/173/75 102/175/75 101/176/75
f 101/176/76 102/175/76 98/177/76 97/178/76
f 99/179/77 103/174/77 101/176/77 97/180/77
f 104/173/78 100/181/78 98/182/78 102/175/78
o Cube.013
v -7.304022 -1.054039 29.408607
v -6.927841 4.931346 29.592083
v -12.056026 -0.684330 27.090900
v -11.679846 5.301054 27.274376
v -6.821814 -1.054039 28.419933
v -6.445633 4.931346 28.603409
v -11.573818 -0.684330 26.102226
v -11.197638 5.301054 26.285702
vn -0.4384 -0.0000 0.8988
vn -0.8966 0.0698 -0.4373
vn 0.4384 -0.0000 -0.8988
vn 0.8966 -0.0698 0.4373
vn -0.0627 -0.9976 -0.0306
vn 0.0627 0.9976 0.0306
vt 0.375000 0.000000
vt 0.625000 0.000000
vt 0.625000 0.250000
vt 0.375000 0.250000
vt 0.625000 0.500000
vt 0.375000 0.500000
vt 0.625000 0.750000
vt 0.375000 0.750000
vt 0.625000 1.000000
vt 0.375000 1.000000
vt 0.125000 0.500000
vt 0.125000 0.750000
vt 0.875000 0.500000
vt 0.875000 0.750000
s 0
usemtl Material.007
f 105/183/79 106/184/79 108/185/79 107/186/79
f 107/186/80 108/185/80 112/187/80 111/188/80
f 111/188/81 112/187/81 110/189/81 109/190/81
f 109/190/82 110/189/82 106/191/82 105/192/82
f 107/193/83 111/188/83 109/190/83 105/194/83
f 112/187/84 108/195/84 106/196/84 110/189/84
o Cube.014
v -5.943852 -0.876492 27.320475
v -5.943852 5.123508 27.320475
v -10.822528 -0.876492 29.391350
v -10.822528 5.123509 29.391350
v -6.373656 -0.876492 26.307919
v -6.373656 5.123508 26.307919
v -11.252333 -0.876492 28.378794
v -11.252333 5.123508 28.378794
vn 0.3907 -0.0000 0.9205
vn -0.9205 -0.0000 0.3907
vn -0.3907 -0.0000 -0.9205
vn 0.9205 -0.0000 -0.3907
vn -0.0000 -1.0000 -0.0000
vn -0.0000 1.0000 -0.0000
vt 0.375000 0.000000
vt 0.625000 0.000000
vt 0.625000 0.250000
vt 0.375000 0.250000
vt 0.625000 0.500000
vt 0.375000 0.500000
vt 0.625000 0.750000
vt 0.375000 0.750000
vt 0.625000 1.000000
vt 0.375000 1.000000
vt 0.125000 0.500000
vt 0.125000 0.750000
vt 0.875000 0.500000
vt 0.875000 0.750000
s 0
usemtl Материал.018
f 113/197/85 114/198/85 116/199/85 115/200/85
f 115/200/86 116/199/86 120/201/86 119/202/86
f 119/202/87 120/201/87 118/203/87 117/204/87
f 117/204/88 118/203/88 114/205/88 113/206/88
f 115/207/89 119/202/89 117/204/89 113/208/89
f 120/201/90 116/209/90 114/210/90 118/203/90
o Cube.015
v 29.067144 2.159539 10.095399
v 29.067144 2.456579 10.095399
v 29.067144 2.159535 -10.095399
v 29.067144 2.456575 -10.095399
v 29.567144 2.159539 10.095399
v 29.567144 2.456579 10.095399
v 29.567144 2.159535 -10.095399
v 29.567144 2.456575 -10.095399
vn -1.0000 -0.0000 -0.0000
vn -0.0000 -0.0000 -1.0000
vn 1.0000 -0.0000 -0.0000
vn -0.0000 -0.0000 1.0000
vn -0.0000 -1.0000 -0.0000
vn -0.0000 1.0000 -0.0000
vt 0.375000 0.000000
vt 0.625000 0.000000
vt 0.625000 0.250000
vt 0.375000 0.250000
vt 0.625000 0.500000
vt 0.375000 0.500000
vt 0.625000 0.750000
vt 0.375000 0.750000
vt 0.625000 1.000000
vt 0.375000 1.000000
vt 0.125000 0.500000
vt 0.125000 0.750000
vt 0.875000 0.500000
vt 0.875000 0.750000
s 0
usemtl Материал.019
f 121/211/91 122/212/91 124/213/91 123/214/91
f 123/214/92 124/213/92 128/215/92 127/216/92
f 127/216/93 128/215/93 126/217/93 125/218/93
f 125/218/94 126/217/94 122/219/94 121/220/94
f 123/221/95 127/216/95 125/218/95 121/222/95
f 128/215/96 124/223/96 122/224/96 126/217/96
o Cube.016
v 29.539228 2.451456 10.095399
v 29.539228 2.748496 10.095399
v 29.539228 2.451452 -10.095399
v 29.539228 2.748492 -10.095399
v 30.039228 2.451456 10.095399
v 30.039228 2.748496 10.095399
v 30.039228 2.451452 -10.095399
v 30.039228 2.748492 -10.095399
vn -1.0000 -0.0000 -0.0000
vn -0.0000 -0.0000 -1.0000
vn 1.0000 -0.0000 -0.0000
vn -0.0000 -0.0000 1.0000
vn -0.0000 -1.0000 -0.0000
vn -0.0000 1.0000 -0.0000
vt 0.375000 0.000000
vt 0.625000 0.000000
vt 0.625000 0.250000
vt 0.375000 0.250000
vt 0.625000 0.500000
vt 0.375000 0.500000
vt 0.625000 0.750000
vt 0.375000 0.750000
vt 0.625000 1.000000
vt 0.375000 1.000000
vt 0.125000 0.500000
vt 0.125000 0.750000
vt 0.875000 0.500000
vt 0.875000 0.750000
s 0
usemtl Материал.019
f 129/225/97 130/226/97 132/227/97 131/228/97
f 131/228/98 132/227/98 136/229/98 135/230/98
f 135/230/99 136/229/99 134/231/99 133/232/99
f 133/232/100 134/231/100 130/233/100 129/234/100
f 131/235/101 135/230/101 133/232/101 129/236/101
f 136/229/102 132/237/102 130/238/102 134/231/102
o Cube.017
v 30.020559 2.741452 10.095399
v 30.020559 3.038492 10.095399
v 30.020559 2.741448 -10.095399
v 30.020559 3.038488 -10.095399
v 30.520559 2.741452 10.095399
v 30.520559 3.038492 10.095399
v 30.520559 2.741448 -10.095399
v 30.520559 3.038488 -10.095399
vn -1.0000 -0.0000 -0.0000
vn -0.0000 -0.0000 -1.0000
vn 1.0000 -0.0000 -0.0000
vn -0.0000 -0.0000 1.0000
vn -0.0000 -1.0000 -0.0000
vn -0.0000 1.0000 -0.0000
vt 0.375000 0.000000
vt 0.625000 0.000000
vt 0.625000 0.250000
vt 0.375000 0.250000
vt 0.625000 0.500000
vt 0.375000 0.500000
vt 0.625000 0.750000
vt 0.375000 0.750000
vt 0.625000 1.000000
vt 0.375000 1.000000
vt 0.125000 0.500000
vt 0.125000 0.750000
vt 0.875000 0.500000
vt 0.875000 0.750000
s 0
usemtl Материал.019
f 137/239/103 138/240/103 140/241/103 139/242/103
f 139/242/104 140/241/104 144/243/104 143/244/104
f 143/244/105 144/243/105 142/245/105 141/246/105
f 141/246/106 142/245/106 138/247/106 137/248/106
f 139/249/107 143/244/107 141/246/107 137/250/107
f 144/243/108 140/251/108 138/252/108 142/245/108
o Cube.018
v 28.575937 1.877226 10.095399
v 28.575937 2.174266 10.095399
v 28.575937 1.877222 -10.095399
v 28.575937 2.174262 -10.095399
v 29.075937 1.877226 10.095399
v 29.075937 2.174266 10.095399
v 29.075937 1.877222 -10.095399
v 29.075937 2.174262 -10.095399
vn -1.0000 -0.0000 -0.0000
vn -0.0000 -0.0000 -1.0000
vn 1.0000 -0.0000 -0.0000
vn -0.0000 -0.0000 1.0000
vn -0.0000 -1.0000 -0.0000
vn -0.0000 1.0000 -0.0000
vt 0.375000 0.000000
vt 0.625000 0.000000
vt 0.625000 0.250000
vt 0.375000 0.250000
vt 0.625000 0.500000
vt 0.375000 0.500000
vt 0.625000 0.750000
vt 0.375000 0.750000
vt 0.625000 1.000000
vt 0.375000 1.000000
vt 0.125000 0.500000
vt 0.125000 0.750000
vt 0.875000 0.500000
vt 0.875000 0.750000
s 0
usemtl Материал.019
f 145/253/109 146/254/109 148/255/109 147/256/109
f 147/256/110 148/255/110 152/257/110 151/258/110
f 151/258/111 152/257/111 150/259/111 149/260/111
f 149/260/112 150/259/112 146/261/112 145/262/112
f 147/263/113 151/258/113 149/260/113 145/264/113
f 152/257/114 148/265/114 146/266/114 150/259/114
o Cube.019
v 28.094606 1.587229 10.095399
v 28.094606 1.884269 10.095399
v 28.094606 1.587226 -10.095399
v 28.094606 1.884266 -10.095399
v 28.594606 1.587229 10.095399
v 28.594606 1.884269 10.095399
v 28.594606 1.587226 -10.095399
v 28.594606 1.884266 -10.095399
vn -1.0000 -0.0000 -0.0000
vn -0.0000 -0.0000 -1.0000
vn 1.0000 -0.0000 -0.0000
vn -0.0000 -0.0000 1.0000
vn -0.0000 -1.0000 -0.0000
vn -0.0000 1.0000 -0.0000
vt 0.375000 0.000000
vt 0.625000 0.000000
vt 0.625000 0.250000
vt 0.375000 0.250000
vt 0.625000 0.500000
vt 0.375000 0.500000
vt 0.625000 0.750000
vt 0.375000 0.750000
vt 0.625000 1.000000
vt 0.375000 1.000000
vt 0.125000 0.500000
vt 0.125000 0.750000
vt 0.875000 0.500000
vt 0.875000 0.750000
s 0
usemtl Материал.019
f 153/267/115 154/268/115 156/269/115 155/270/115
f 155/270/116 156/269/116 160/271/116 159/272/116
f 159/272/117 160/271/117 158/273/117 157/274/117
f 157/274/118 158/273/118 154/275/118 153/276/118
f 155/277/119 159/272/119 157/274/119 153/278/119
f 160/271/120 156/279/120 154/280/120 158/273/120
o Cube.020
v 27.622522 1.295312 10.095399
v 27.622522 1.592352 10.095399
v 27.622522 1.295309 -10.095399
v 27.622522 1.592349 -10.095399
v 28.122522 1.295312 10.095399
v 28.122522 1.592352 10.095399
v 28.122522 1.295309 -10.095399
v 28.122522 1.592349 -10.095399
vn -1.0000 -0.0000 -0.0000
vn -0.0000 -0.0000 -1.0000
vn 1.0000 -0.0000 -0.0000
vn -0.0000 -0.0000 1.0000
vn -0.0000 -1.0000 -0.0000
vn -0.0000 1.0000 -0.0000
vt 0.375000 0.000000
vt 0.625000 0.000000
vt 0.625000 0.250000
vt 0.375000 0.250000
vt 0.625000 0.500000
vt 0.375000 0.500000
vt 0.625000 0.750000
vt 0.375000 0.750000
vt 0.625000 1.000000
vt 0.375000 1.000000
vt 0.125000 0.500000
vt 0.125000 0.750000
vt 0.875000 0.500000
vt 0.875000 0.750000
s 0
usemtl Материал.019
f 161/281/121 162/282/121 164/283/121 163/284/121
f 163/284/122 164/283/122 168/285/122 167/286/122
f 167/286/123 168/285/123 166/287/123 165/288/123
f 165/288/124 166/287/124 162/289/124 161/290/124
f 163/291/125 167/286/125 165/288/125 161/292/125
f 168/285/126 164/293/126 162/294/126 166/287/126
o Cube.021
v -6.000000 3.999999 -30.025822
v -6.000000 2.000000 -30.025822
v -6.000000 4.000000 -28.025822
v -6.000000 2.000000 -28.025822
v -8.000000 3.999999 -30.025822
v -8.000000 2.000000 -30.025822
v -8.000000 4.000000 -28.025822
v -8.000000 2.000000 -28.025822
vn -0.0000 1.0000 -0.0000
vn -0.0000 -0.0000 1.0000
vn -1.0000 -0.0000 -0.0000
vn -0.0000 -1.0000 -0.0000
vn 1.0000 -0.0000 -0.0000
vn -0.0000 -0.0000 -1.0000
vt 0.625000 0.500000
vt 0.875000 0.500000
vt 0.875000 0.750000
vt 0.625000 0.750000
vt 0.375000 0.750000
vt 0.625000 1.000000
vt 0.375000 1.000000
vt 0.375000 0.000000
vt 0.625000 0.000000
vt 0.625000 0.250000
vt 0.375000 0.250000
vt 0.125000 0.500000
vt 0.375000 0.500000
vt 0.125000 0.750000
s 0
usemtl Material.008
f 169/295/127 173/296/127 175/297/127 171/298/127
f 172/299/128 171/298/128 175/300/128 176/301/128
f 176/302/129 175/303/129 173/304/129 174/305/129
f 174/306/130 170/307/130 172/299/130 176/308/130
f 170/307/131 169/295/131 171/298/131 172/299/131
f 174/305/132 173/304/132 169/295/132 170/307/132
o Cube.022
v -9.951116 -0.294183 1.000000
v -9.951116 1.705817 1.000000
v -9.951116 -0.294183 -1.000000
v -9.951116 1.705817 -1.000000
v -7.951116 -0.294183 1.000000
v -7.951116 1.705817 1.000000
v -7.951116 -0.294183 -1.000000
v -7.951116 1.705817 -1.000000
vn -1.0000 -0.0000 -0.0000
vn -0.0000 -0.0000 -1.0000
vn 1.0000 -0.0000 -0.0000
vn -0.0000 -0.0000 1.0000
vn -0.0000 -1.0000 -0.0000
vn -0.0000 1.0000 -0.0000
vt 0.375000 0.000000
vt 0.625000 0.000000
vt 0.625000 0.250000
vt 0.375000 0.250000
vt 0.625000 0.500000
vt 0.375000 0.500000
vt 0.625000 0.750000
vt 0.375000 0.750000
vt 0.625000 1.000000
vt 0.375000 1.000000
vt 0.125000 0.500000
vt 0.125000 0.750000
vt 0.875000 0.500000
vt 0.875000 0.750000
s 0
usemtl Material.009
f 177/309/133 178/310/133 180/311/133 179/312/133
f 179/312/134 180/311/134 184/313/134 183/314/134
f 183/314/135 184/313/135 182/315/135 181/316/135
f 181/316/136 182/315/136 178/317/136 177/318/136
f 179/319/137 183/314/137 181/316/137 177/320/137
f 184/313/138 180/321/138 178/322/138 182/315/138
o Cube.023
v 33.335369 4.705576 10.095399
v 33.335369 5.002615 10.095399
v 33.335369 4.705572 -10.095399
v 33.335369 5.002612 -10.095399
v 33.835369 4.705576 10.095399
v 33.835369 5.002615 10.095399
v 33.835369 4.705572 -10.095399
v 33.835369 5.002612 -10.095399
vn -1.0000 -0.0000 -0.0000
vn -0.0000 -0.0000 -1.0000
vn 1.0000 -0.0000 -0.0000
vn -0.0000 -0.0000 1.0000
vn -0.0000 -1.0000 -0.0000
vn -0.0000 1.0000 -0.0000
vt 0.375000 0.000000
vt 0.625000 0.000000
vt 0.625000 0.250000
vt 0.375000 0.250000
vt 0.625000 0.500000
vt 0.375000 0.500000
vt 0.625000 0.750000
vt 0.375000 0.750000
vt 0.625000 1.000000
vt 0.375000 1.000000
vt 0.125000 0.500000
vt 0.125000 0.750000
vt 0.875000 0.500000
vt 0.875000 0.750000
s 0
usemtl Материал.033
f 185/323/139 186/324/139 188/325/139 187/326/139
f 187/326/140 188/325/140 192/327/140 191/328/140
f 191/328/141 192/327/141 190/329/141 189/330/141
f 189/330/142 190/329/142 186/331/142 185/332/142
f 187/333/143 191/328/143 189/330/143 185/334/143
f 192/327/144 188/335/144 186/336/144 190/329/144
o Cube.024
v 33.807453 4.997492 10.095399
v 33.807453 5.294532 10.095399
v 33.807453 4.997489 -10.095399
v 33.807453 5.294529 -10.095399
v 34.307453 4.997492 10.095399
v 34.307453 5.294532 10.095399
v 34.307453 4.997489 -10.095399
v 34.307453 5.294529 -10.095399
vn -1.0000 -0.0000 -0.0000
vn -0.0000 -0.0000 -1.0000
vn 1.0000 -0.0000 -0.0000
vn -0.0000 -0.0000 1.0000
vn -0.0000 -1.0000 -0.0000
vn -0.0000 1.0000 -0.0000
vt 0.375000 0.000000
vt 0.625000 0.000000
vt 0.625000 0.250000
vt 0.375000 0.250000
vt 0.625000 0.500000
vt 0.375000 0.500000
vt 0.625000 0.750000
vt 0.375000 0.750000
vt 0.625000 1.000000
vt 0.375000 1.000000
vt 0.125000 0.500000
vt 0.125000 0.750000
vt 0.875000 0.500000
vt 0.875000 0.750000
s 0
usemtl Материал.033
f 193/337/145 194/338/145 196/339/145 195/340/145
f 195/340/146 196/339/146 200/341/146 199/342/146
f 199/342/147 200/341/147 198/343/147 197/344/147
f 197/344/148 198/343/148 194/345/148 193/346/148
f 195/347/149 199/342/149 197/344/149 193/348/149
f 200/341/150 196/349/150 194/350/150 198/343/150
o Cube.025
v 34.288784 5.287489 10.095399
v 34.288784 5.584529 10.095399
v 34.288784 5.287485 -10.095399
v 34.288784 5.584525 -10.095399
v 34.788784 5.287489 10.095399
v 34.788784 5.584529 10.095399
v 34.788784 5.287485 -10.095399
v 34.788784 5.584525 -10.095399
vn -1.0000 -0.0000 -0.0000
vn -0.0000 -0.0000 -1.0000
vn 1.0000 -0.0000 -0.0000
vn -0.0000 -0.0000 1.0000
vn -0.0000 -1.0000 -0.0000
vn -0.0000 1.0000 -0.0000
vt 0.375000 0.000000
vt 0.625000 0.000000
vt 0.625000 0.250000
vt 0.375000 0.250000
vt 0.625000 0.500000
vt 0.375000 0.500000
vt 0.625000 0.750000
vt 0.375000 0.750000
vt 0.625000 1.000000
vt 0.375000 1.000000
vt 0.125000 0.500000
vt 0.125000 0.750000
vt 0.875000 0.500000
vt 0.875000 0.750000
s 0
usemtl Материал.033
f 201/351/151 202/352/151 204/353/151 203/354/151
f 203/354/152 204/353/152 208/355/152 207/356/152
f 207/356/153 208/355/153 206/357/153 205/358/153
f 205/358/154 206/357/154 202/359/154 201/360/154
f 203/361/155 207/356/155 205/358/155 201/362/155
f 208/355/156 204/363/156 202/364/156 206/357/156
o Cube.026
v 35.733406 6.151714 10.095399
v 35.733406 6.448754 10.095398
v 35.733406 6.151711 -10.095399
v 35.733406 6.448751 -10.095400
v 36.233406 6.151714 10.095399
v 36.233406 6.448754 10.095398
v 36.233406 6.151711 -10.095399
v 36.233406 6.448751 -10.095400
vn -1.0000 -0.0000 -0.0000
vn -0.0000 -0.0000 -1.0000
vn 1.0000 -0.0000 -0.0000
vn -0.0000 -0.0000 1.0000
vn -0.0000 -1.0000 -0.0000
vn -0.0000 1.0000 -0.0000
vt 0.375000 0.000000
vt 0.625000 0.000000
vt 0.625000 0.250000
vt 0.375000 0.250000
vt 0.625000 0.500000
vt 0.375000 0.500000
vt 0.625000 0.750000
vt 0.375000 0.750000
vt 0.625000 1.000000
vt 0.375000 1.000000
vt 0.125000 0.500000
vt 0.125000 0.750000
vt 0.875000 0.500000
vt 0.875000 0.750000
s 0
usemtl Материал.033
f 209/365/157 210/366/157 212/367/157 211/368/157
f 211/368/158 212/367/158 216/369/158 215/370/158
f 215/370/159 216/369/159 214/371/159 213/372/159
f 213/372/160 214/371/160 210/373/160 209/374/160
f 211/375/161 215/370/161 213/372/161 209/376/161
f 216/369/162 212/377/162 210/378/162 214/371/162
o Cube.027
v 35.252075 5.861719 10.095399
v 35.252075 6.158759 10.095399
v 35.252075 5.861715 -10.095399
v 35.252075 6.158755 -10.095399
v 35.752075 5.861719 10.095399
v 35.752075 6.158759 10.095399
v 35.752075 5.861715 -10.095399
v 35.752075 6.158755 -10.095399
vn -1.0000 -0.0000 -0.0000
vn -0.0000 -0.0000 -1.0000
vn 1.0000 -0.0000 -0.0000
vn -0.0000 -0.0000 1.0000
vn -0.0000 -1.0000 -0.0000
vn -0.0000 1.0000 -0.0000
vt 0.375000 0.000000
vt 0.625000 0.000000
vt 0.625000 0.250000
vt 0.375000 0.250000
vt 0.625000 0.500000
vt 0.375000 0.500000
vt 0.625000 0.750000
vt 0.375000 0.750000
vt 0.625000 1.000000
vt 0.375000 1.000000
vt 0.125000 0.500000
vt 0.125000 0.750000
vt 0.875000 0.500000
vt 0.875000 0.750000
s 0
usemtl Материал.033
f 217/379/163 218/380/163 220/381/163 219/382/163
f 219/382/164 220/381/164 224/383/164 223/384/164
f 223/384/165 224/383/165 222/385/165 221/386/165
f 221/386/166 222/385/166 218/387/166 217/388/166
f 219/389/167 223/384/167 221/386/167 217/390/167
f 224/383/168 220/391/168 218/392/168 222/385/168
o Cube.028
v 34.779991 5.569801 10.095399
v 34.779991 5.866841 10.095399
v 34.779991 5.569798 -10.095399
v 34.779991 5.866838 -10.095399
v 35.279991 5.569801 10.095399
v 35.279991 5.866841 10.095399
v 35.279991 5.569798 -10.095399
v 35.279991 5.866838 -10.095399
vn -1.0000 -0.0000 -0.0000
vn -0.0000 -0.0000 -1.0000
vn 1.0000 -0.0000 -0.0000
vn -0.0000 -0.0000 1.0000
vn -0.0000 -1.0000 -0.0000
vn -0.0000 1.0000 -0.0000
vt 0.375000 0.000000
vt 0.625000 0.000000
vt 0.625000 0.250000
vt 0.375000 0.250000
vt 0.625000 0.500000
vt 0.375000 0.500000
vt 0.625000 0.750000
vt 0.375000 0.750000
vt 0.625000 1.000000
vt 0.375000 1.000000
vt 0.125000 0.500000
vt 0.125000 0.750000
vt 0.875000 0.500000
vt 0.875000 0.750000
s 0
usemtl Материал.033
f 225/393/169 226/394/169 228/395/169 227/396/169
f 227/396/170 228/395/170 232/397/170 231/398/170
f 231/398/171 232/397/171 230/399/171 229/400/171
f 229/400/172 230/399/172 226/401/172 225/402/172
f 227/403/173 231/398/173 229/400/173 225/404/173
f 232/397/174 228/405/174 226/406/174 230/399/174
o Cube.029
v 31.907469 3.853104 10.095399
v 31.907469 4.150144 10.095399
v 31.907469 3.853100 -10.095399
v 31.907469 4.150141 -10.095399
v 32.407471 3.853104 10.095399
v 32.407471 4.150144 10.095399
v 32.407471 3.853100 -10.095399
v 32.407471 4.150141 -10.095399
vn -1.0000 -0.0000 -0.0000
vn -0.0000 -0.0000 -1.0000
vn 1.0000 -0.0000 -0.0000
vn -0.0000 -0.0000 1.0000
vn -0.0000 -1.0000 -0.0000
vn -0.0000 1.0000 -0.0000
vt 0.375000 0.000000
vt 0.625000 0.000000
vt 0.625000 0.250000
vt 0.375000 0.250000
vt 0.625000 0.500000
vt 0.375000 0.500000
vt 0.625000 0.750000
vt 0.375000 0.750000
vt 0.625000 1.000000
vt 0.375000 1.000000
vt 0.125000 0.500000
vt 0.125000 0.750000
vt 0.875000 0.500000
vt 0.875000 0.750000
s 0
usemtl Материал.032
f 233/407/175 234/408/175 236/409/175 235/410/175
f 235/410/176 236/409/176 240/411/176 239/412/176
f 239/412/177 240/411/177 238/413/177 237/414/177
f 237/414/178 238/413/178 234/415/178 233/416/178
f 235/417/179 239/412/179 237/414/179 233/418/179
f 240/411/180 236/419/180 234/420/180 238/413/180
o Cube.030
v 32.379555 4.145021 10.095399
v 32.379555 4.442061 10.095399
v 32.379555 4.145017 -10.095399
v 32.379555 4.442057 -10.095399
v 32.879555 4.145021 10.095399
v 32.879555 4.442061 10.095399
v 32.879555 4.145017 -10.095399
v 32.879555 4.442057 -10.095399
vn -1.0000 -0.0000 -0.0000
vn -0.0000 -0.0000 -1.0000
vn 1.0000 -0.0000 -0.0000
vn -0.0000 -0.0000 1.0000
vn -0.0000 -1.0000 -0.0000
vn -0.0000 1.0000 -0.0000
vt 0.375000 0.000000
vt 0.625000 0.000000
vt 0.625000 0.250000
vt 0.375000 0.250000
vt 0.625000 0.500000
vt 0.375000 0.500000
vt 0.625000 0.750000
vt 0.375000 0.750000
vt 0.625000 1.000000
vt 0.375000 1.000000
vt 0.125000 0.500000
vt 0.125000 0.750000
vt 0.875000 0.500000
vt 0.875000 0.750000
s 0
usemtl Материал.032
f 241/421/181 242/422/181 244/423/181 243/424/181
f 243/424/182 244/423/182 248/425/182 247/426/182
f 247/426/183 248/425/183 246/427/183 245/428/183
f 245/428/184 246/427/184 242/429/184 241/430/184
f 243/431/185 247/426/185 245/428/185 241/432/185
f 248/425/186 244/433/186 242/434/186 246/427/186
o Cube.031
v 32.860886 4.435017 10.095399
v 32.860886 4.732057 10.095399
v 32.860886 4.435013 -10.095399
v 32.860886 4.732053 -10.095399
v 33.360886 4.435017 10.095399
v 33.360886 4.732057 10.095399
v 33.360886 4.435013 -10.095399
v 33.360886 4.732053 -10.095399
vn -1.0000 -0.0000 -0.0000
vn -0.0000 -0.0000 -1.0000
vn 1.0000 -0.0000 -0.0000
vn -0.0000 -0.0000 1.0000
vn -0.0000 -1.0000 -0.0000
vn -0.0000 1.0000 -0.0000
vt 0.375000 0.000000
vt 0.625000 0.000000
vt 0.625000 0.250000
vt 0.375000 0.250000
vt 0.625000 0.500000
vt 0.375000 0.500000
vt 0.625000 0.750000
vt 0.375000 0.750000
vt 0.625000 1.000000
vt 0.375000 1.000000
vt 0.125000 0.500000
vt 0.125000 0.750000
vt 0.875000 0.500000
vt 0.875000 0.750000
s 0
usemtl Материал.032
f 249/435/187 250/436/187 252/437/187 251/438/187
f 251/438/188 252/437/188 256/439/188 255/440/188
f 255/440/189 256/439/189 254/441/189 253/442/189
f 253/442/190 254/441/190 250/443/190 249/444/190
f 251/445/191 255/440/191 253/442/191 249/446/191
f 256/439/192 252/447/192 250/448/192 254/441/192
o Cube.032
v 31.416262 3.570791 10.095399
v 31.416262 3.867831 10.095399
v 31.416262 3.570787 -10.095399
v 31.416262 3.867827 -10.095399
v 31.916262 3.570791 10.095399
v 31.916262 3.867831 10.095399
v 31.916262 3.570787 -10.095399
v 31.916262 3.867827 -10.095399
vn -1.0000 -0.0000 -0.0000
vn -0.0000 -0.0000 -1.0000
vn 1.0000 -0.0000 -0.0000
vn -0.0000 -0.0000 1.0000
vn -0.0000 -1.0000 -0.0000
vn -0.0000 1.0000 -0.0000
vt 0.375000 0.000000
vt 0.625000 0.000000
vt 0.625000 0.250000
vt 0.375000 0.250000
vt 0.625000 0.500000
vt 0.375000 0.500000
vt 0.625000 0.750000
vt 0.375000 0.750000
vt 0.625000 1.000000
vt 0.375000 1.000000
vt 0.125000 0.500000
vt 0.125000 0.750000
vt 0.875000 0.500000
vt 0.875000 0.750000
s 0
usemtl Материал.032
f 257/449/193 258/450/193 260/451/193 259/452/193
f 259/452/194 260/451/194 264/453/194 263/454/194
f 263/454/195 264/453/195 262/455/195 261/456/195
f 261/456/196 262/455/196 258/457/196 257/458/196
f 259/459/197 263/454/197 261/456/197 257/460/197
f 264/453/198 260/461/198 258/462/198 262/455/198
o Cube.033
v 30.934931 3.280795 10.095399
v 30.934931 3.577835 10.095399
v 30.934931 3.280791 -10.095399
v 30.934931 3.577831 -10.095399
v 31.434931 3.280795 10.095399
v 31.434931 3.577835 10.095399
v 31.434931 3.280791 -10.095399
v 31.434931 3.577831 -10.095399
vn -1.0000 -0.0000 -0.0000
vn -0.0000 -0.0000 -1.0000
vn 1.0000 -0.0000 -0.0000
vn -0.0000 -0.0000 1.0000
vn -0.0000 -1.0000 -0.0000
vn -0.0000 1.0000 -0.0000
vt 0.375000 0.000000
vt 0.625000 0.000000
vt 0.625000 0.250000
vt 0.375000 0.250000
vt 0.625000 0.500000
vt 0.375000 0.500000
vt 0.625000 0.750000
vt 0.375000 0.750000
vt 0.625000 1.000000
vt 0.375000 1.000000
vt 0.125000 0.500000
vt 0.125000 0.750000
vt 0.875000 0.500000
vt 0.875000 0.750000
s 0
usemtl Материал.032
f 265/463/199 266/464/199 268/465/199 267/466/199
f 267/466/200 268/465/200 272/467/200 271/468/200
f 271/468/201 272/467/201 270/469/201 269/470/201
f 269/470/202 270/469/202 266/471/202 265/472/202
f 267/473/203 271/468/203 269/470/203 265/474/203
f 272/467/204 268/475/204 266/476/204 270/469/204
o Cube.034
v 30.462847 2.988878 10.095399
v 30.462847 3.285918 10.095399
v 30.462847 2.988875 -10.095399
v 30.462847 3.285915 -10.095399
v 30.962847 2.988878 10.095399
v 30.962847 3.285918 10.095399
v 30.962847 2.988875 -10.095399
v 30.962847 3.285915 -10.095399
vn -1.0000 -0.0000 -0.0000
vn -0.0000 -0.0000 -1.0000
vn 1.0000 -0.0000 -0.0000
vn -0.0000 -0.0000 1.0000
vn -0.0000 -1.0000 -0.0000
vn -0.0000 1.0000 -0.0000
vt 0.375000 0.000000
vt 0.625000 0.000000
vt 0.625000 0.250000
vt 0.375000 0.250000
vt 0.625000 0.500000
vt 0.375000 0.500000
vt 0.625000 0.750000
vt 0.375000 0.750000
vt 0.625000 1.000000
vt 0.375000 1.000000
vt 0.125000 0.500000
vt 0.125000 0.750000
vt 0.875000 0.500000
vt 0.875000 0.750000
s 0
usemtl Материал.032
f 273/477/205 274/478/205 276/479/205 275/480/205
f 275/480/206 276/479/206 280/481/206 279/482/206
f 279/482/207 280/481/207 278/483/207 277/484/207
f 277/484/208 278/483/208 274/485/208 273/486/208
f 275/487/209 279/482/209 277/484/209 273/488/209
f 280/481/210 276/489/210 274/490/210 278/483/210
o map04
v -31.250000 -0.249548 -31.250000
v 31.250000 -0.249548 -31.250000
v -31.250000 -0.249528 31.250000
v 31.250000 -0.249528 31.250000
v 12.528733 7.267097 -17.520729
v 12.528733 -7.766186 -17.520729
v 27.562017 7.267097 -17.520729
v 27.562017 -7.766186 -17.520729
v 27.562017 7.267094 -25.303488
v 27.562017 -7.766191 -25.303488
v 12.528733 7.267094 -25.303488
v 12.528733 -7.766191 -25.303488
v 12.528733 7.267097 -17.520729
v 12.528733 -7.766186 -17.520729
v 27.562017 7.267097 -17.520729
v 27.562017 -7.766186 -17.520729
v 27.562017 7.267094 -25.303488
v 27.562017 -7.766191 -25.303488
v 12.528733 7.267094 -25.303488
v 12.528733 -7.766191 -25.303488
v -28.732105 23.290014 29.973509
v -28.732105 -8.634853 29.973518
v -19.135704 23.290014 29.973509
v -19.135704 -8.634853 29.973518
v -19.135704 23.290014 21.459724
v -19.135704 -8.634853 21.459734
v -28.732105 23.290014 21.459724
v -28.732105 -8.634853 21.459734
v 23.840931 11.961052 26.263401
v 23.840931 11.961052 30.967455
v 25.294563 11.961052 30.737225
v 26.605904 11.961052 30.069061
v 27.646589 11.961052 29.028376
v 28.314753 11.961052 27.717035
v 28.544983 11.961052 26.263401
v 28.314753 11.961052 24.809769
v 27.646589 11.961052 23.498428
v 26.605904 11.961052 22.457743
v 25.294563 11.961052 21.789579
v 23.840931 11.961052 21.559349
v 22.387297 11.961052 21.789579
v 21.075956 11.961052 22.457743
v 20.035271 11.961052 23.498428
v 19.367109 11.961052 24.809769
v 19.136877 11.961052 26.263401
v 19.367109 11.961052 27.717035
v 20.035271 11.961052 29.028376
v 21.075956 11.961052 30.069061
v 22.387297 11.961052 30.737225
v 23.840931 -7.072794 30.967455
v 25.294563 -7.072794 30.737225
v 26.605904 -7.072794 30.069061
v 27.646589 -7.072794 29.028376
v 28.314753 -7.072795 27.717035
v 28.544983 -7.072795 26.263401
v 28.314753 -7.072795 24.809769
v 27.646589 -7.072795 23.498428
v 26.605904 -7.072795 22.457743
v 25.294563 -7.072799 21.789579
v 23.840931 -7.072799 21.559349
v 22.387297 -7.072799 21.789579
v 21.075956 -7.072795 22.457743
v 20.035271 -7.072795 23.498428
v 19.367109 -7.072795 24.809769
v 19.136877 -7.072795 26.263401
v 19.367109 -7.072795 27.717035
v 20.035271 -7.072794 29.028376
v 21.075956 -7.072794 30.069061
v 22.387297 -7.072794 30.737225
v 23.840931 -7.072795 26.263401
v -7.690942 8.967570 -27.122501
v -7.690942 -22.957296 -27.122492
v 0.618268 8.967570 -22.321642
v 0.618268 -22.957296 -22.321632
v 1.867040 8.967570 -24.482985
v 1.867040 -22.957296 -24.482975
v -6.442171 8.967570 -29.283846
v -6.442171 -22.957296 -29.283836
v -5.025098 8.967570 -21.315208
v -5.025098 -22.957296 -21.315199
v 1.119965 8.967570 -28.691849
v 1.119965 -22.957296 -28.691839
v -0.798802 8.967570 -30.290279
v -0.798802 -22.957296 -30.290270
v -6.943870 8.967570 -22.913637
v -6.943870 -22.957296 -22.913628
v 8.743105 -4.853255 16.360228
v 6.992289 -4.853260 4.933571
v 19.272264 -4.853260 3.749975
v 20.562813 -0.288609 17.421963
v 8.675402 -0.249533 19.157169
v 6.902882 -0.249538 1.498756
v 24.266403 -0.249538 3.665014
v 20.649105 -0.249533 19.165651
vn -0.0000 1.0000 -0.0000
vn -0.0000 -0.0000 1.0000
vn 1.0000 -0.0000 -0.0000
vn -0.0000 -0.0000 -1.0000
vn -1.0000 -0.0000 -0.0000
vn -0.0000 -1.0000 -0.0000
vn 0.1564 -0.0000 0.9877
vn 0.4540 -0.0000 0.8910
vn 0.7071 -0.0000 0.7071
vn 0.8910 -0.0000 0.4540
vn 0.9877 -0.0000 0.1564
vn 0.9877 -0.0000 -0.1564
vn 0.8910 -0.0000 -0.4540
vn 0.7071 -0.0000 -0.7071
vn 0.4540 -0.0000 -0.8910
vn 0.1564 -0.0000 -0.9877
vn -0.1564 -0.0000 -0.9877
vn -0.4540 -0.0000 -0.8910
vn -0.7071 -0.0000 -0.7071
vn -0.8910 -0.0000 -0.4540
vn -0.9877 -0.0000 -0.1564
vn -0.9877 -0.0000 0.1564
vn -0.8910 -0.0000 0.4540
vn -0.7071 -0.0000 0.7071
vn -0.4540 -0.0000 0.8910
vn -0.1564 -0.0000 0.9877
vn -0.5003 -0.0000 0.8659
vn 0.8659 -0.0000 0.5003
vn 0.5003 -0.0000 -0.8659
vn -0.8659 -0.0000 -0.5003
vn 0.7683 -0.0000 0.6401
vn 0.6401 -0.0000 -0.7683
vn -0.7683 -0.0000 -0.6401
vn -0.6401 -0.0000 0.7683
vn -0.1846 0.9706 -0.1542
vn 0.9927 0.0086 -0.1203
vn -0.0308 0.3712 0.9281
vn -0.6344 0.7544 -0.1686
vn -0.1015 0.6958 -0.7110
vt 0.000000 0.000000
vt 1.000000 0.000000
vt 0.830386 0.219874
vt 0.638806 0.237083
vt 0.610446 0.422176
vt 1.000000 1.000000
vt 0.000000 1.000000
vt 0.050000 0.000000
vt 0.050000 1.000000
vt 0.100000 0.000000
vt 0.100000 1.000000
vt 0.150000 0.000000
vt 0.150000 1.000000
vt 0.200000 0.000000
vt 0.200000 1.000000
vt 0.250000 0.000000
vt 0.250000 1.000000
vt 0.300000 0.000000
vt 0.300000 1.000000
vt 0.350000 0.000000
vt 0.350000 1.000000
vt 0.400000 0.000000
vt 0.400000 1.000000
vt 0.450000 0.000000
vt 0.450000 1.000000
vt 0.500000 0.000000
vt 0.500000 1.000000
vt 0.550000 0.000000
vt 0.550000 1.000000
vt 0.600000 0.000000
vt 0.600000 1.000000
vt 0.650000 0.000000
vt 0.650000 1.000000
vt 0.700000 0.000000
vt 0.700000 1.000000
vt 0.750000 0.000000
vt 0.750000 1.000000
vt 0.800000 0.000000
vt 0.800000 1.000000
vt 0.850000 0.000000
vt 0.850000 1.000000
vt 0.900000 0.000000
vt 0.900000 1.000000
vt 0.950000 0.000000
vt 0.950000 1.000000
vt 0.025000 1.000000
vt 0.075000 1.000000
vt 0.125000 1.000000
vt 0.175000 1.000000
vt 0.225000 1.000000
vt 0.275000 1.000000
vt 0.325000 1.000000
vt 0.375000 1.000000
vt 0.425000 1.000000
vt 0.475000 1.000000
vt 0.525000 1.000000
vt 0.575000 1.000000
vt 0.625000 1.000000
vt 0.675000 1.000000
vt 0.725000 1.000000
vt 0.775000 1.000000
vt 0.825000 1.000000
vt 0.875000 1.000000
vt 0.925000 1.000000
vt 0.975000 1.000000
vt 0.025000 0.000000
vt 0.075000 0.000000
vt 0.125000 0.000000
vt 0.175000 0.000000
vt 0.225000 0.000000
vt 0.275000 0.000000
vt 0.325000 0.000000
vt 0.375000 0.000000
vt 0.425000 0.000000
vt 0.475000 0.000000
vt 0.525000 0.000000
vt 0.575000 0.000000
vt 0.625000 0.000000
vt 0.675000 0.000000
vt 0.725000 0.000000
vt 0.775000 0.000000
vt 0.825000 0.000000
vt 0.875000 0.000000
vt 0.925000 0.000000
vt 0.975000 0.000000
vt 0.611877 0.421063
vt 0.639890 0.238236
vt 0.829005 0.221249
vt 0.808356 0.440000
vt 0.809479 0.441360
s 0
usemtl mat1.002
f 283/491/211 284/492/211 374/493/211 371/494/211 372/495/211
f 286/491/212 288/492/212 287/496/212 285/497/212
f 288/491/213 290/492/213 289/496/213 287/497/213
f 290/491/214 292/492/214 291/496/214 289/497/214
f 292/491/215 286/492/215 285/496/215 291/497/215
f 285/491/211 287/492/211 289/496/211 291/497/211
f 292/491/216 290/492/216 288/496/216 286/497/216
f 294/491/212 296/492/212 295/496/212 293/497/212
f 296/491/213 298/492/213 297/496/213 295/497/213
f 298/491/214 300/492/214 299/496/214 297/497/214
f 300/491/215 294/492/215 293/496/215 299/497/215
f 293/491/211 295/492/211 297/496/211 299/497/211
f 300/491/216 298/492/216 296/496/216 294/497/216
f 302/491/212 304/492/212 303/496/212 301/497/212
f 304/491/213 306/492/213 305/496/213 303/497/213
f 306/491/214 308/492/214 307/496/214 305/497/214
f 308/491/215 302/492/215 301/496/215 307/497/215
f 301/491/211 303/492/211 305/496/211 307/497/211
f 308/491/216 306/492/216 304/496/216 302/497/216
f 330/491/217 331/498/217 311/499/217 310/497/217
f 331/498/218 332/500/218 312/501/218 311/499/218
f 332/500/219 333/502/219 313/503/219 312/501/219
f 333/502/220 334/504/220 314/505/220 313/503/220
f 334/504/221 335/506/221 315/507/221 314/505/221
f 335/506/222 336/508/222 316/509/222 315/507/222
f 336/508/223 337/510/223 317/511/223 316/509/223
f 337/510/224 338/512/224 318/513/224 317/511/224
f 338/512/225 339/514/225 319/515/225 318/513/225
f 339/514/226 340/516/226 320/517/226 319/515/226
f 340/516/227 341/518/227 321/519/227 320/517/227
f 341/518/228 342/520/228 322/521/228 321/519/228
f 342/520/229 343/522/229 323/523/229 322/521/229
f 343/522/230 344/524/230 324/525/230 323/523/230
f 344/524/231 345/526/231 325/527/231 324/525/231
f 345/526/232 346/528/232 326/529/232 325/527/232
f 346/528/233 347/530/233 327/531/233 326/529/233
f 347/530/234 348/532/234 328/533/234 327/531/234
f 348/532/235 349/534/235 329/535/235 328/533/235
f 349/534/236 330/492/236 310/496/236 329/535/236
f 310/497/211 311/499/211 309/536/211
f 311/499/211 312/501/211 309/537/211
f 312/501/211 313/503/211 309/538/211
f 313/503/211 314/505/211 309/539/211
f 314/505/211 315/507/211 309/540/211
f 315/507/211 316/509/211 309/541/211
f 316/509/211 317/511/211 309/542/211
f 317/511/211 318/513/211 309/543/211
f 318/513/211 319/515/211 309/544/211
f 319/515/211 320/517/211 309/545/211
f 320/517/211 321/519/211 309/546/211
f 321/519/211 322/521/211 309/547/211
f 322/521/211 323/523/211 309/548/211
f 323/523/211 324/525/211 309/549/211
f 324/525/211 325/527/211 309/550/211
f 325/527/211 326/529/211 309/551/211
f 326/529/211 327/531/211 309/552/211
f 327/531/211 328/533/211 309/553/211
f 328/533/211 329/535/211 309/554/211
f 329/535/211 310/496/211 309/555/211
f 331/498/216 330/491/216 350/556/216
f 332/500/216 331/498/216 350/557/216
f 333/502/216 332/500/216 350/558/216
f 334/504/216 333/502/216 350/559/216
f 335/506/216 334/504/216 350/560/216
f 336/508/216 335/506/216 350/561/216
f 337/510/216 336/508/216 350/562/216
f 338/512/216 337/510/216 350/563/216
f 339/514/216 338/512/216 350/564/216
f 340/516/216 339/514/216 350/565/216
f 341/518/216 340/516/216 350/566/216
f 342/520/216 341/518/216 350/567/216
f 343/522/216 342/520/216 350/568/216
f 344/524/216 343/522/216 350/569/216
f 345/526/216 344/524/216 350/570/216
f 346/528/216 345/526/216 350/571/216
f 347/530/216 346/528/216 350/572/216
f 348/532/216 347/530/216 350/573/216
f 349/534/216 348/532/216 350/574/216
f 330/492/216 349/534/216 350/575/216
f 352/491/237 354/492/237 353/496/237 351/497/237
f 354/491/238 356/492/238 355/496/238 353/497/238
f 356/491/239 358/492/239 357/496/239 355/497/239
f 358/491/240 352/492/240 351/496/240 357/497/240
f 351/491/211 353/492/211 355/496/211 357/497/211
f 358/491/216 356/492/216 354/496/216 352/497/216
f 360/491/241 362/492/241 361/496/241 359/497/241
f 362/491/242 364/492/242 363/496/242 361/497/242
f 364/491/243 366/492/243 365/496/243 363/497/243
f 366/491/244 360/492/244 359/496/244 365/497/244
f 359/491/211 361/492/211 363/496/211 365/497/211
f 366/491/216 364/492/216 362/496/216 360/497/216
f 368/576/245 367/577/245 370/578/245 369/579/245
f 373/580/211 374/493/211 284/492/211 282/496/211 281/497/211 283/491/211 372/495/211
f 367/577/246 368/576/246 372/495/246 371/494/246
f 368/576/247 369/579/247 373/580/247 372/495/247
f 369/579/248 370/578/248 374/493/248 373/580/248
f 370/578/249 367/577/249 371/494/249 374/493/249
o map04.001
v -31.250000 -0.249548 -31.250000
v 31.250000 -0.249548 -31.250000
v -31.250000 -0.249528 31.250000
v 31.250000 -0.249528 31.250000
v 12.528733 7.267097 -17.520729
v 12.528733 -7.766186 -17.520729
v 27.562017 7.267097 -17.520729
v 27.562017 -7.766186 -17.520729
v 27.562017 7.267094 -25.303488
v 27.562017 -7.766191 -25.303488
v 12.528733 7.267094 -25.303488
v 12.528733 -7.766191 -25.303488
v 12.528733 7.267097 -17.520729
v 12.528733 -7.766186 -17.520729
v 27.562017 7.267097 -17.520729
v 27.562017 -7.766186 -17.520729
v 27.562017 7.267094 -25.303488
v 27.562017 -7.766191 -25.303488
v 12.528733 7.267094 -25.303488
v 12.528733 -7.766191 -25.303488
v -28.732105 23.290014 29.973509
v -28.732105 -8.634853 29.973518
v -19.135704 23.290014 29.973509
v -19.135704 -8.634853 29.973518
v -19.135704 23.290014 21.459724
v -19.135704 -8.634853 21.459734
v -28.732105 23.290014 21.459724
v -28.732105 -8.634853 21.459734
v 23.840931 11.961052 26.263401
v 23.840931 11.961052 30.967455
v 25.294563 11.961052 30.737225
v 26.605904 11.961052 30.069061
v 27.646589 11.961052 29.028376
v 28.314753 11.961052 27.717035
v 28.544983 11.961052 26.263401
v 28.314753 11.961052 24.809769
v 27.646589 11.961052 23.498428
v 26.605904 11.961052 22.457743
v 25.294563 11.961052 21.789579
v 23.840931 11.961052 21.559349
v 22.387297 11.961052 21.789579
v 21.075956 11.961052 22.457743
v 20.035271 11.961052 23.498428
v 19.367109 11.961052 24.809769
v 19.136877 11.961052 26.263401
v 19.367109 11.961052 27.717035
v 20.035271 11.961052 29.028376
v 21.075956 11.961052 30.069061
v 22.387297 11.961052 30.737225
v 23.840931 -7.072794 30.967455
v 25.294563 -7.072794 30.737225
v 26.605904 -7.072794 30.069061
v 27.646589 -7.072794 29.028376
v 28.314753 -7.072795 27.717035
v 28.544983 -7.072795 26.263401
v 28.314753 -7.072795 24.809769
v 27.646589 -7.072795 23.498428
v 26.605904 -7.072795 22.457743
v 25.294563 -7.072799 21.789579
v 23.840931 -7.072799 21.559349
v 22.387297 -7.072799 21.789579
v 21.075956 -7.072795 22.457743
v 20.035271 -7.072795 23.498428
v 19.367109 -7.072795 24.809769
v 19.136877 -7.072795 26.263401
v 19.367109 -7.072795 27.717035
v 20.035271 -7.072794 29.028376
v 21.075956 -7.072794 30.069061
v 22.387297 -7.072794 30.737225
v 23.840931 -7.072795 26.263401
v -7.690942 8.967570 -27.122501
v -7.690942 -22.957296 -27.122492
v 0.618268 8.967570 -22.321642
v 0.618268 -22.957296 -22.321632
v 1.867040 8.967570 -24.482985
v 1.867040 -22.957296 -24.482975
v -6.442171 8.967570 -29.283846
v -6.442171 -22.957296 -29.283836
v -5.025098 8.967570 -21.315208
v -5.025098 -22.957296 -21.315199
v 1.119965 8.967570 -28.691849
v 1.119965 -22.957296 -28.691839
v -0.798802 8.967570 -30.290279
v -0.798802 -22.957296 -30.290270
v -6.943870 8.967570 -22.913637
v -6.943870 -22.957296 -22.913628
v 8.743105 -4.853255 16.360228
v 6.992289 -4.853260 4.933571
v 19.272264 -4.853260 3.749975
v 20.562813 -0.288609 17.421963
v 8.675402 -0.249533 19.157169
v 6.902882 -0.249538 1.498756
v 24.266403 -0.249538 3.665014
v 20.649105 -0.249533 19.165651
vn -0.0000 1.0000 -0.0000
vn -0.0000 -0.0000 1.0000
vn 1.0000 -0.0000 -0.0000
vn -0.0000 -0.0000 -1.0000
vn -1.0000 -0.0000 -0.0000
vn -0.0000 -1.0000 -0.0000
vn 0.1564 -0.0000 0.9877
vn 0.4540 -0.0000 0.8910
vn 0.7071 -0.0000 0.7071
vn 0.8910 -0.0000 0.4540
vn 0.9877 -0.0000 0.1564
vn 0.9877 -0.0000 -0.1564
vn 0.8910 -0.0000 -0.4540
vn 0.7071 -0.0000 -0.7071
vn 0.4540 -0.0000 -0.8910
vn 0.1564 -0.0000 -0.9877
vn -0.1564 -0.0000 -0.9877
vn -0.4540 -0.0000 -0.8910
vn -0.7071 -0.0000 -0.7071
vn -0.8910 -0.0000 -0.4540
vn -0.9877 -0.0000 -0.1564
vn -0.9877 -0.0000 0.1564
vn -0.8910 -0.0000 0.4540
vn -0.7071 -0.0000 0.7071
vn -0.4540 -0.0000 0.8910
vn -0.1564 -0.0000 0.9877
vn -0.5003 -0.0000 0.8659
vn 0.8659 -0.0000 0.5003
vn 0.5003 -0.0000 -0.8659
vn -0.8659 -0.0000 -0.5003
vn 0.7683 -0.0000 0.6401
vn 0.6401 -0.0000 -0.7683
vn -0.7683 -0.0000 -0.6401
vn -0.6401 -0.0000 0.7683
vn -0.1846 0.9706 -0.1542
vn 0.9927 0.0086 -0.1203
vn -0.0308 0.3712 0.9281
vn -0.6344 0.7544 -0.1686
vn -0.1015 0.6958 -0.7110
vt 0.000000 0.000000
vt 1.000000 0.000000
vt 0.830386 0.219874
vt 0.638806 0.237083
vt 0.610446 0.422176
vt 1.000000 1.000000
vt 0.000000 1.000000
vt 0.050000 0.000000
vt 0.050000 1.000000
vt 0.100000 0.000000
vt 0.100000 1.000000
vt 0.150000 0.000000
vt 0.150000 1.000000
vt 0.200000 0.000000
vt 0.200000 1.000000
vt 0.250000 0.000000
vt 0.250000 1.000000
vt 0.300000 0.000000
vt 0.300000 1.000000
vt 0.350000 0.000000
vt 0.350000 1.000000
vt 0.400000 0.000000
vt 0.400000 1.000000
vt 0.450000 0.000000
vt 0.450000 1.000000
vt 0.500000 0.000000
vt 0.500000 1.000000
vt 0.550000 0.000000
vt 0.550000 1.000000
vt 0.600000 0.000000
vt 0.600000 1.000000
vt 0.650000 0.000000
vt 0.650000 1.000000
vt 0.700000 0.000000
vt 0.700000 1.000000
vt 0.750000 0.000000
vt 0.750000 1.000000
vt 0.800000 0.000000
vt 0.800000 1.000000
vt 0.850000 0.000000
vt 0.850000 1.000000
vt 0.900000 0.000000
vt 0.900000 1.000000
vt 0.950000 0.000000
vt 0.950000 1.000000
vt 0.025000 1.000000
vt 0.075000 1.000000
vt 0.125000 1.000000
vt 0.175000 1.000000
vt 0.225000 1.000000
vt 0.275000 1.000000
vt 0.325000 1.000000
vt 0.375000 1.000000
vt 0.425000 1.000000
vt 0.475000 1.000000
vt 0.525000 1.000000
vt 0.575000 1.000000
vt 0.625000 1.000000
vt 0.675000 1.000000
vt 0.725000 1.000000
vt 0.775000 1.000000
vt 0.825000 1.000000
vt 0.875000 1.000000
vt 0.925000 1.000000
vt 0.975000 1.000000
vt 0.025000 0.000000
vt 0.075000 0.000000
vt 0.125000 0.000000
vt 0.175000 0.000000
vt 0.225000 0.000000
vt 0.275000 0.000000
vt 0.325000 0.000000
vt 0.375000 0.000000
vt 0.425000 0.000000
vt 0.475000 0.000000
vt 0.525000 0.000000
vt 0.575000 0.000000
vt 0.625000 0.000000
vt 0.675000 0.000000
vt 0.725000 0.000000
vt 0.775000 0.000000
vt 0.825000 0.000000
vt 0.875000 0.000000
vt 0.925000 0.000000
vt 0.975000 0.000000
vt 0.611877 0.421063
vt 0.639890 0.238236
vt 0.829005 0.221249
vt 0.808356 0.440000
vt 0.809479 0.441360
s 0
usemtl mat1.003
f 377/581/250 378/582/250 468/583/250 465/584/250 466/585/250
f 380/581/251 382/582/251 381/586/251 379/587/251
f 382/581/252 384/582/252 383/586/252 381/587/252
f 384/581/253 386/582/253 385/586/253 383/587/253
f 386/581/254 380/582/254 379/586/254 385/587/254
f 379/581/250 381/582/250 383/586/250 385/587/250
f 386/581/255 384/582/255 382/586/255 380/587/255
f 388/581/251 390/582/251 389/586/251 387/587/251
f 390/581/252 392/582/252 391/586/252 389/587/252
f 392/581/253 394/582/253 393/586/253 391/587/253
f 394/581/254 388/582/254 387/586/254 393/587/254
f 387/581/250 389/582/250 391/586/250 393/587/250
f 394/581/255 392/582/255 390/586/255 388/587/255
f 396/581/251 398/582/251 397/586/251 395/587/251
f 398/581/252 400/582/252 399/586/252 397/587/252
f 400/581/253 402/582/253 401/586/253 399/587/253
f 402/581/254 396/582/254 395/586/254 401/587/254
f 395/581/250 397/582/250 399/586/250 401/587/250
f 402/581/255 400/582/255 398/586/255 396/587/255
f 424/581/256 425/588/256 405/589/256 404/587/256
f 425/588/257 426/590/257 406/591/257 405/589/257
f 426/590/258 427/592/258 407/593/258 406/591/258
f 427/592/259 428/594/259 408/595/259 407/593/259
f 428/594/260 429/596/260 409/597/260 408/595/260
f 429/596/261 430/598/261 410/599/261 409/597/261
f 430/598/262 431/600/262 411/601/262 410/599/262
f 431/600/263 432/602/263 412/603/263 411/601/263
f 432/602/264 433/604/264 413/605/264 412/603/264
f 433/604/265 434/606/265 414/607/265 413/605/265
f 434/606/266 435/608/266 415/609/266 414/607/266
f 435/608/267 436/610/267 416/611/267 415/609/267
f 436/610/268 437/612/268 417/613/268 416/611/268
f 437/612/269 438/614/269 418/615/269 417/613/269
f 438/614/270 439/616/270 419/617/270 418/615/270
f 439/616/271 440/618/271 420/619/271 419/617/271
f 440/618/272 441/620/272 421/621/272 420/619/272
f 441/620/273 442/622/273 422/623/273 421/621/273
f 442/622/274 443/624/274 423/625/274 422/623/274
f 443/624/275 424/582/275 404/586/275 423/625/275
f 404/587/250 405/589/250 403/626/250
f 405/589/250 406/591/250 403/627/250
f 406/591/250 407/593/250 403/628/250
f 407/593/250 408/595/250 403/629/250
f 408/595/250 409/597/250 403/630/250
f 409/597/250 410/599/250 403/631/250
f 410/599/250 411/601/250 403/632/250
f 411/601/250 412/603/250 403/633/250
f 412/603/250 413/605/250 403/634/250
f 413/605/250 414/607/250 403/635/250
f 414/607/250 415/609/250 403/636/250
f 415/609/250 416/611/250 403/637/250
f 416/611/250 417/613/250 403/638/250
f 417/613/250 418/615/250 403/639/250
f 418/615/250 419/617/250 403/640/250
f 419/617/250 420/619/250 403/641/250
f 420/619/250 421/621/250 403/642/250
f 421/621/250 422/623/250 403/643/250
f 422/623/250 423/625/250 403/644/250
f 423/625/250 404/586/250 403/645/250
f 425/588/255 424/581/255 444/646/255
f 426/590/255 425/588/255 444/647/255
f 427/592/255 426/590/255 444/648/255
f 428/594/255 427/592/255 444/649/255
f 429/596/255 428/594/255 444/650/255
f 430/598/255 429/596/255 444/651/255
f 431/600/255 430/598/255 444/652/255
f 432/602/255 431/600/255 444/653/255
f 433/604/255 432/602/255 444/654/255
f 434/606/255 433/604/255 444/655/255
f 435/608/255 434/606/255 444/656/255
f 436/610/255 435/608/255 444/657/255
f 437/612/255 436/610/255 444/658/255
f 438/614/255 437/612/255 444/659/255
f 439/616/255 438/614/255 444/660/255
f 440/618/255 439/616/255 444/661/255
f 441/620/255 440/618/255 444/662/255
f 442/622/255 441/620/255 444/663/255
f 443/624/255 442/622/255 444/664/255
f 424/582/255 443/624/255 444/665/255
f 446/581/276 448/582/276 447/586/276 445/587/276
f 448/581/277 450/582/277 449/586/277 447/587/277
f 450/581/278 452/582/278 451/586/278 449/587/278
f 452/581/279 446/582/279 445/586/279 451/587/279
f 445/581/250 447/582/250 449/586/250 451/587/250
f 452/581/255 450/582/255 448/586/255 446/587/255
f 454/581/280 456/582/280 455/586/280 453/587/280
f 456/581/281 458/582/281 457/586/281 455/587/281
f 458/581/282 460/582/282 459/586/282 457/587/282
f 460/581/283 454/582/283 453/586/283 459/587/283
f 453/581/250 455/582/250 457/586/250 459/587/250
f 460/581/255 458/582/255 456/586/255 454/587/255
f 462/666/284 461/667/284 464/668/284 463/669/284
f 467/670/250 468/583/250 378/582/250 376/586/250 375/587/250 377/581/250 466/585/250
f 461/667/285 462/666/285 466/585/285 465/584/285
f 462/666/286 463/669/286 467/670/286 466/585/286
f 463/669/287 464/668/287 468/583/287 467/670/287
f 464/668/288 461/667/288 465/584/288 468/583/288
o Куб
v -58.740585 -0.439987 -20.165194
v -58.740585 15.505264 -20.165201
v -58.740585 -0.439988 -25.471834
v -58.740585 15.505264 -25.471842
v -56.740585 -0.439987 -20.165194
v -56.740585 15.505264 -20.165201
v -56.740585 -0.439988 -25.471834
v -56.740585 15.505264 -25.471842
vn -1.0000 -0.0000 -0.0000
vn -0.0000 -0.0000 -1.0000
vn 1.0000 -0.0000 -0.0000
vn -0.0000 -0.0000 1.0000
vn -0.0000 -1.0000 -0.0000
vn -0.0000 1.0000 -0.0000
vt 0.375000 0.000000
vt 0.625000 0.000000
vt 0.625000 0.250000
vt 0.375000 0.250000
vt 0.625000 0.500000
vt 0.375000 0.500000
vt 0.625000 0.750000
vt 0.375000 0.750000
vt 0.625000 1.000000
vt 0.375000 1.000000
vt 0.125000 0.500000
vt 0.125000 0.750000
vt 0.875000 0.500000
vt 0.875000 0.750000
s 0
usemtl Материал.020
f 469/671/289 470/672/289 472/673/289 471/674/289
f 471/674/290 472/673/290 476/675/290 475/676/290
f 475/676/291 476/675/291 474/677/291 473/678/291
f 473/678/292 474/677/292 470/679/292 469/680/292
f 471/681/293 475/676/293 473/678/293 469/682/293
f 476/675/294 472/683/294 470/684/294 474/677/294
o Куб.001
v -41.063583 -0.439976 10.928356
v -41.063583 15.505276 10.928352
v -37.330128 -0.439975 14.699530
v -37.330128 15.505276 14.699526
v -42.484890 -0.439976 12.335443
v -42.484890 15.505276 12.335439
v -38.751434 -0.439975 16.106617
v -38.751434 15.505276 16.106609
vn 0.7107 -0.0000 -0.7035
vn 0.7035 -0.0000 0.7107
vn -0.7107 -0.0000 0.7035
vn -0.7035 -0.0000 -0.7107
vn -0.0000 -1.0000 -0.0000
vn -0.0000 1.0000 -0.0000
vt 0.375000 0.000000
vt 0.625000 0.000000
vt 0.625000 0.250000
vt 0.375000 0.250000
vt 0.625000 0.500000
vt 0.375000 0.500000
vt 0.625000 0.750000
vt 0.375000 0.750000
vt 0.625000 1.000000
vt 0.375000 1.000000
vt 0.125000 0.500000
vt 0.125000 0.750000
vt 0.875000 0.500000
vt 0.875000 0.750000
s 0
usemtl Материал.021
f 477/685/295 478/686/295 480/687/295 479/688/295
f 479/688/296 480/687/296 484/689/296 483/690/296
f 483/690/297 484/689/297 482/691/297 481/692/297
f 481/692/298 482/691/298 478/693/298 477/694/298
f 479/695/299 483/690/299 481/692/299 477/696/299
f 484/689/300 480/697/300 478/698/300 482/691/300
o Куб.002
v -44.518135 -0.439975 14.291042
v -44.518135 15.505276 14.291039
v -40.784679 -0.439975 18.062216
v -40.784679 15.505276 18.062208
v -45.939442 -0.439975 15.698130
v -45.939442 15.505276 15.698126
v -42.205986 -0.439975 19.469303
v -42.205986 15.505280 19.469296
vn 0.7107 -0.0000 -0.7035
vn 0.7035 -0.0000 0.7107
vn -0.7107 -0.0000 0.7035
vn -0.7035 -0.0000 -0.7107
vn -0.0000 -1.0000 -0.0000
vn -0.0000 1.0000 -0.0000
vt 0.375000 0.000000
vt 0.625000 0.000000
vt 0.625000 0.250000
vt 0.375000 0.250000
vt 0.625000 0.500000
vt 0.375000 0.500000
vt 0.625000 0.750000
vt 0.375000 0.750000
vt 0.625000 1.000000
vt 0.375000 1.000000
vt 0.125000 0.500000
vt 0.125000 0.750000
vt 0.875000 0.500000
vt 0.875000 0.750000
s 0
usemtl Материал.022
f 485/699/301 486/700/301 488/701/301 487/702/301
f 487/702/302 488/701/302 492/703/302 491/704/302
f 491/704/303 492/703/303 490/705/303 489/706/303
f 489/706/304 490/705/304 486/707/304 485/708/304
f 487/709/305 491/704/305 489/706/305 485/710/305
f 492/703/306 488/711/306 486/712/306 490/705/306
o Куб.003
v -51.668510 -0.439972 21.037163
v -51.668510 15.505280 21.037155
v -47.935055 -0.439972 24.808336
v -47.935055 15.505280 24.808329
v -53.089817 -0.439972 22.444250
v -53.089817 15.505280 22.444242
v -49.356361 -0.439972 26.215424
v -49.356361 15.505280 26.215416
vn 0.7107 -0.0000 -0.7035
vn 0.7035 -0.0000 0.7107
vn -0.7107 -0.0000 0.7035
vn -0.7035 -0.0000 -0.7107
vn -0.0000 -1.0000 -0.0000
vn -0.0000 1.0000 -0.0000
vt 0.375000 0.000000
vt 0.625000 0.000000
vt 0.625000 0.250000
vt 0.375000 0.250000
vt 0.625000 0.500000
vt 0.375000 0.500000
vt 0.625000 0.750000
vt 0.375000 0.750000
vt 0.625000 1.000000
vt 0.375000 1.000000
vt 0.125000 0.500000
vt 0.125000 0.750000
vt 0.875000 0.500000
vt 0.875000 0.750000
s 0
usemtl Материал.023
f 493/713/307 494/714/307 496/715/307 495/716/307
f 495/716/308 496/715/308 500/717/308 499/718/308
f 499/718/309 500/717/309 498/719/309 497/720/309
f 497/720/310 498/719/310 494/721/310 493/722/310
f 495/723/311 499/718/311 497/720/311 493/724/311
f 500/717/312 496/725/312 494/726/312 498/719/312
o Куб.004
v -34.972942 -0.439979 2.129375
v -34.972942 15.505272 2.129371
v -31.239489 -0.439979 5.900548
v -31.239489 15.505272 5.900544
v -36.394249 -0.439979 3.536463
v -36.394249 15.505272 3.536459
v -32.660793 -0.439976 7.307636
v -32.660793 15.505276 7.307632
vn 0.7107 -0.0000 -0.7035
vn 0.7035 -0.0000 0.7107
vn -0.7107 -0.0000 0.7035
vn -0.7035 -0.0000 -0.7107
vn -0.0000 -1.0000 -0.0000
vn -0.0000 1.0000 -0.0000
vt 0.375000 0.000000
vt 0.625000 0.000000
vt 0.625000 0.250000
vt 0.375000 0.250000
vt 0.625000 0.500000
vt 0.375000 0.500000
vt 0.625000 0.750000
vt 0.375000 0.750000
vt 0.625000 1.000000
vt 0.375000 1.000000
vt 0.125000 0.500000
vt 0.125000 0.750000
vt 0.875000 0.500000
vt 0.875000 0.750000
s 0
usemtl Материал.015
f 501/727/313 502/728/313 504/729/313 503/730/313
f 503/730/314 504/729/314 508/731/314 507/732/314
f 507/732/315 508/731/315 506/733/315 505/734/315
f 505/734/316 506/733/316 502/735/316 501/736/316
f 503/737/317 507/732/317 505/734/317 501/738/317
f 508/731/318 504/739/318 502/740/318 506/733/318
o Куб.005
v -58.740585 -0.439987 -20.165194
v -58.740585 15.505264 -20.165201
v -58.740585 -0.439988 -25.471834
v -58.740585 15.505264 -25.471842
v -56.740585 -0.439987 -20.165194
v -56.740585 15.505264 -20.165201
v -56.740585 -0.439988 -25.471834
v -56.740585 15.505264 -25.471842
vn -1.0000 -0.0000 -0.0000
vn -0.0000 -0.0000 -1.0000
vn 1.0000 -0.0000 -0.0000
vn -0.0000 -0.0000 1.0000
vn -0.0000 -1.0000 -0.0000
vn -0.0000 1.0000 -0.0000
vt 0.375000 0.000000
vt 0.625000 0.000000
vt 0.625000 0.250000
vt 0.375000 0.250000
vt 0.625000 0.500000
vt 0.375000 0.500000
vt 0.625000 0.750000
vt 0.375000 0.750000
vt 0.625000 1.000000
vt 0.375000 1.000000
vt 0.125000 0.500000
vt 0.125000 0.750000
vt 0.875000 0.500000
vt 0.875000 0.750000
s 0
usemtl Материал.024
f 509/741/319 510/742/319 512/743/319 511/744/319
f 511/744/320 512/743/320 516/745/320 515/746/320
f 515/746/321 516/745/321 514/747/321 513/748/321
f 513/748/322 514/747/322 510/749/322 509/750/322
f 511/751/323 515/746/323 513/748/323 509/752/323
f 516/745/324 512/753/324 510/754/324 514/747/324
o Куб.006
v -41.063583 -0.439976 10.928356
v -41.063583 15.505276 10.928352
v -37.330128 -0.439975 14.699530
v -37.330128 15.505276 14.699526
v -42.484890 -0.439976 12.335443
v -42.484890 15.505276 12.335439
v -38.751434 -0.439975 16.106617
v -38.751434 15.505276 16.106609
vn 0.7107 -0.0000 -0.7035
vn 0.7035 -0.0000 0.7107
vn -0.7107 -0.0000 0.7035
vn -0.7035 -0.0000 -0.7107
vn -0.0000 -1.0000 -0.0000
vn -0.0000 1.0000 -0.0000
vt 0.375000 0.000000
vt 0.625000 0.000000
vt 0.625000 0.250000
vt 0.375000 0.250000
vt 0.625000 0.500000
vt 0.375000 0.500000
vt 0.625000 0.750000
vt 0.375000 0.750000
vt 0.625000 1.000000
vt 0.375000 1.000000
vt 0.125000 0.500000
vt 0.125000 0.750000
vt 0.875000 0.500000
vt 0.875000 0.750000
s 0
usemtl Материал.025
f 517/755/325 518/756/325 520/757/325 519/758/325
f 519/758/326 520/757/326 524/759/326 523/760/326
f 523/760/327 524/759/327 522/761/327 521/762/327
f 521/762/328 522/761/328 518/763/328 517/764/328
f 519/765/329 523/760/329 521/762/329 517/766/329
f 524/759/330 520/767/330 518/768/330 522/761/330
o Куб.007
v -44.518135 -0.439975 14.291042
v -44.518135 15.505276 14.291039
v -40.784679 -0.439975 18.062216
v -40.784679 15.505276 18.062208
v -45.939442 -0.439975 15.698130
v -45.939442 15.505276 15.698126
v -42.205986 -0.439975 19.469303
v -42.205986 15.505280 19.469296
vn 0.7107 -0.0000 -0.7035
vn 0.7035 -0.0000 0.7107
vn -0.7107 -0.0000 0.7035
vn -0.7035 -0.0000 -0.7107
vn -0.0000 -1.0000 -0.0000
vn -0.0000 1.0000 -0.0000
vt 0.375000 0.000000
vt 0.625000 0.000000
vt 0.625000 0.250000
vt 0.375000 0.250000
vt 0.625000 0.500000
vt 0.375000 0.500000
vt 0.625000 0.750000
vt 0.375000 0.750000
vt 0.625000 1.000000
vt 0.375000 1.000000
vt 0.125000 0.500000
vt 0.125000 0.750000
vt 0.875000 0.500000
vt 0.875000 0.750000
s 0
usemtl Материал.026
f 525/769/331 526/770/331 528/771/331 527/772/331
f 527/772/332 528/771/332 532/773/332 531/774/332
f 531/774/333 532/773/333 530/775/333 529/776/333
f 529/776/334 530/775/334 526/777/334 525/778/334
f 527/779/335 531/774/335 529/776/335 525/780/335
f 532/773/336 528/781/336 526/782/336 530/775/336
o Куб.008
v -51.668510 -0.439972 21.037163
v -51.668510 15.505280 21.037155
v -47.935055 -0.439972 24.808336
v -47.935055 15.505280 24.808329
v -53.089817 -0.439972 22.444250
v -53.089817 15.505280 22.444242
v -49.356361 -0.439972 26.215424
v -49.356361 15.505280 26.215416
vn 0.7107 -0.0000 -0.7035
vn 0.7035 -0.0000 0.7107
vn -0.7107 -0.0000 0.7035
vn -0.7035 -0.0000 -0.7107
vn -0.0000 -1.0000 -0.0000
vn -0.0000 1.0000 -0.0000
vt 0.375000 0.000000
vt 0.625000 0.000000
vt 0.625000 0.250000
vt 0.375000 0.250000
vt 0.625000 0.500000
vt 0.375000 0.500000
vt 0.625000 0.750000
vt 0.375000 0.750000
vt 0.625000 1.000000
vt 0.375000 1.000000
vt 0.125000 0.500000
vt 0.125000 0.750000
vt 0.875000 0.500000
vt 0.875000 0.750000
s 0
usemtl Материал.027
f 533/783/337 534/784/337 536/785/337 535/786/337
f 535/786/338 536/785/338 540/787/338 539/788/338
f 539/788/339 540/787/339 538/789/339 537/790/339
f 537/790/340 538/789/340 534/791/340 533/792/340
f 535/793/341 539/788/341 537/790/341 533/794/341
f 540/787/342 536/795/342 534/796/342 538/789/342
o Куб.009
v -34.972942 -0.439979 2.129375
v -34.972942 15.505272 2.129371
v -31.239489 -0.439979 5.900548
v -31.239489 15.505272 5.900544
v -36.394249 -0.439979 3.536463
v -36.394249 15.505272 3.536459
v -32.660793 -0.439976 7.307636
v -32.660793 15.505276 7.307632
vn 0.7107 -0.0000 -0.7035
vn 0.7035 -0.0000 0.7107
vn -0.7107 -0.0000 0.7035
vn -0.7035 -0.0000 -0.7107
vn -0.0000 -1.0000 -0.0000
vn -0.0000 1.0000 -0.0000
vt 0.375000 0.000000
vt 0.625000 0.000000
vt 0.625000 0.250000
vt 0.375000 0.250000
vt 0.625000 0.500000
vt 0.375000 0.500000
vt 0.625000 0.750000
vt 0.375000 0.750000
vt 0.625000 1.000000
vt 0.375000 1.000000
vt 0.125000 0.500000
vt 0.125000 0.750000
vt 0.875000 0.500000
vt 0.875000 0.750000
s 0
usemtl Материал.018
f 541/797/343 542/798/343 544/799/343 543/800/343
f 543/800/344 544/799/344 548/801/344 547/802/344
f 547/802/345 548/801/345 546/803/345 545/804/345
f 545/804/346 546/803/346 542/805/346 541/806/346
f 543/807/347 547/802/347 545/804/347 541/808/347
f 548/801/348 544/809/348 542/810/348 546/803/348
o Куб.010
v -30.830362 -0.439979 2.416410
v -30.830360 15.505272 2.416408
v -35.942196 -0.439979 3.841042
v -35.942196 15.505272 3.841041
v -31.367287 -0.439979 0.489826
v -31.367283 15.505272 0.489824
v -36.479118 -0.439978 1.914459
v -36.479118 15.505274 1.914461
vn 0.2685 -0.0000 0.9633
vn -0.9633 -0.0000 0.2685
vn -0.2685 -0.0000 -0.9633
vn 0.9633 -0.0000 -0.2685
vn -0.0000 -1.0000 -0.0000
vn -0.0000 1.0000 -0.0000
vt 0.375000 0.000000
vt 0.625000 0.000000
vt 0.625000 0.250000
vt 0.375000 0.250000
vt 0.625000 0.500000
vt 0.375000 0.500000
vt 0.625000 0.750000
vt 0.375000 0.750000
vt 0.625000 1.000000
vt 0.375000 1.000000
vt 0.125000 0.500000
vt 0.125000 0.750000
vt 0.875000 0.500000
vt 0.875000 0.750000
s 0
usemtl Материал.028
f 549/811/349 550/812/349 552/813/349 551/814/349
f 551/814/350 552/813/350 556/815/350 555/816/350
f 555/816/351 556/815/351 554/817/351 553/818/351
f 553/818/352 554/817/352 550/819/352 549/820/352
f 551/821/353 555/816/353 553/818/353 549/822/353
f 556/815/354 552/823/354 550/824/354 554/817/354
o Плоскость.001
v -29.022762 -0.335268 31.046078
v -68.285065 4.551187 31.046078
v -29.022762 -0.335285 -31.046078
v -68.285065 4.551168 -31.046078
vn 0.1235 0.9923 -0.0000
vt 0.000000 0.000000
vt 0.000000 1.000000
vt 1.000000 1.000000
vt 1.000000 0.000000
s 0
usemtl Материал.029
f 557/825/355 559/826/355 560/827/355 558/828/355
o Плоскость.002
v -29.022762 -0.335268 31.046078
v -68.285065 4.551187 31.046078
v -29.022762 -0.335285 -31.046078
v -68.285065 4.551168 -31.046078
vn 0.1235 0.9923 -0.0000
vt 0.000000 0.000000
vt 0.000000 1.000000
vt 1.000000 1.000000
vt 1.000000 0.000000
s 0
usemtl Материал.019
f 561/829/356 563/830/356 564/831/356 562/832/356
o Сфера
v -31.364748 2.948744 -17.991974
v -31.364748 2.051448 -19.756981
v -31.364748 0.879073 -20.712196
v -31.364748 0.244589 -20.835119
v -31.364748 -0.389895 -20.712196
v -31.364748 -1.562268 -19.756981
v -31.121265 3.434357 -15.661898
v -30.887140 3.249285 -16.838926
v -30.671370 2.948744 -17.923681
v -30.482244 2.544284 -18.874477
v -30.327034 2.051448 -19.654776
v -30.211700 1.489174 -20.234589
v -30.140680 0.879073 -20.591637
v -30.116699 0.244589 -20.712196
v -30.140680 -0.389895 -20.591637
v -30.211700 -0.999996 -20.234589
v -30.327034 -1.562266 -19.654776
v -30.482244 -2.055102 -18.874477
v -30.671370 -2.459563 -17.923681
v -30.887140 -2.760102 -16.838926
v -31.121265 -2.945173 -15.661898
v -30.887140 3.434357 -15.590878
v -30.427887 3.249285 -16.699614
v -30.004637 2.948744 -17.721430
v -29.633654 2.544284 -18.617060
v -29.329197 2.051448 -19.352085
v -29.102964 1.489174 -19.898258
v -28.963652 0.879073 -20.234589
v -28.916611 0.244589 -20.348154
v -28.963652 -0.389895 -20.234589
v -29.102964 -0.999995 -19.898258
v -29.329197 -1.562266 -19.352085
v -29.633654 -2.055102 -18.617060
v -30.004637 -2.459563 -17.721430
v -30.427887 -2.760102 -16.699614
v -30.887140 -2.945173 -15.590878
v -30.671370 3.434357 -15.475544
v -30.004637 3.249285 -16.473381
v -29.390171 2.948744 -17.392992
v -28.851589 2.544284 -18.199038
v -28.409586 2.051448 -18.860542
v -28.081148 1.489176 -19.352085
v -27.878897 0.879075 -19.654776
v -27.810604 0.244591 -19.756981
v -27.878897 -0.389894 -19.654776
v -28.081148 -0.999995 -19.352085
v -28.409586 -1.562266 -18.860542
v -28.851589 -2.055102 -18.199038
v -29.390171 -2.459563 -17.392992
v -30.004637 -2.760102 -16.473381
v -30.671370 -2.945173 -15.475544
v -30.482244 3.434357 -15.320333
v -29.633654 3.249285 -16.168924
v -28.851589 2.948745 -16.950989
v -28.166103 2.544285 -17.636475
v -27.603540 2.051448 -18.199038
v -27.185518 1.489177 -18.617060
v -26.928101 0.879075 -18.874477
v -26.841181 0.244591 -18.961395
v -26.928101 -0.389893 -18.874477
v -27.185518 -0.999994 -18.617060
v -27.603540 -1.562265 -18.199038
v -28.166103 -2.055102 -17.636475
v -28.851589 -2.459562 -16.950989
v -29.633654 -2.760102 -16.168924
v -30.482244 -2.945173 -15.320333
v -30.327034 3.434357 -15.131208
v -29.329197 3.249285 -15.797941
v -28.409586 2.948745 -16.412405
v -27.603540 2.544285 -16.950989
v -26.942036 2.051448 -17.392992
v -26.450493 1.489177 -17.721430
v -26.147802 0.879075 -17.923681
v -26.045597 0.244591 -17.991972
v -26.147802 -0.389893 -17.923681
v -26.450493 -0.999994 -17.721430
v -26.942036 -1.562265 -17.392992
v -27.603540 -2.055102 -16.950989
v -28.409586 -2.459562 -16.412405
v -29.329197 -2.760102 -15.797941
v -30.327034 -2.945173 -15.131208
v -31.364748 3.496849 -14.437830
v -30.211700 3.434357 -14.915438
v -29.102964 3.249285 -15.374691
v -28.081148 2.948745 -15.797941
v -27.185518 2.544285 -16.168924
v -26.450493 2.051449 -16.473381
v -25.904320 1.489177 -16.699614
v -25.567989 0.879076 -16.838926
v -25.454424 0.244592 -16.885965
v -25.567989 -0.389892 -16.838926
v -25.904320 -0.999993 -16.699614
v -26.450493 -1.562265 -16.473381
v -27.185518 -2.055102 -16.168924
v -28.081148 -2.459562 -15.797941
v -29.102964 -2.760102 -15.374691
v -30.211700 -2.945173 -14.915438
v -30.140680 3.434357 -14.681313
v -28.963652 3.249285 -14.915438
v -27.878897 2.948745 -15.131208
v -26.928101 2.544285 -15.320333
v -26.147804 2.051449 -15.475544
v -25.567989 1.489177 -15.590878
v -25.210941 0.879076 -15.661898
v -25.090382 0.244592 -15.685879
v -25.210941 -0.389892 -15.661898
v -25.567989 -0.999993 -15.590878
v -26.147804 -1.562265 -15.475544
v -26.928101 -2.055102 -15.320333
v -27.878897 -2.459562 -15.131208
v -28.963652 -2.760102 -14.915438
v -30.140680 -2.945173 -14.681313
v -30.116699 3.434357 -14.437830
v -28.916611 3.249285 -14.437830
v -27.810606 2.948745 -14.437830
v -26.841183 2.544285 -14.437830
v -26.045597 2.051449 -14.437830
v -25.454424 1.489177 -14.437830
v -25.090382 0.879076 -14.437830
v -24.967461 0.244592 -14.437828
v -25.090382 -0.389892 -14.437830
v -25.454424 -0.999993 -14.437830
v -26.045597 -1.562265 -14.437830
v -26.841183 -2.055101 -14.437830
v -27.810606 -2.459561 -14.437830
v -28.916611 -2.760101 -14.437830
v -30.116699 -2.945173 -14.437830
v -30.140680 3.434357 -14.194347
v -28.963652 3.249285 -13.960222
v -27.878897 2.948745 -13.744452
v -26.928101 2.544285 -13.555326
v -26.147804 2.051449 -13.400114
v -25.567989 1.489177 -13.284782
v -25.210941 0.879076 -13.213760
v -25.090384 0.244592 -13.189779
v -25.210941 -0.389892 -13.213760
v -25.567989 -0.999993 -13.284782
v -26.147804 -1.562265 -13.400114
v -26.928101 -2.055101 -13.555326
v -27.878897 -2.459561 -13.744452
v -28.963652 -2.760101 -13.960222
v -30.140680 -2.945173 -14.194347
v -30.211700 3.434357 -13.960222
v -29.102964 3.249285 -13.500969
v -28.081148 2.948745 -13.077719
v -27.185518 2.544285 -12.706736
v -26.450495 2.051449 -12.402279
v -25.904320 1.489177 -12.176048
v -25.567989 0.879076 -12.036734
v -25.454426 0.244592 -11.989693
v -25.567989 -0.389892 -12.036734
v -25.904320 -0.999993 -12.176048
v -26.450495 -1.562265 -12.402279
v -27.185518 -2.055101 -12.706736
v -28.081148 -2.459561 -13.077719
v -29.102964 -2.760101 -13.500969
v -30.211700 -2.945173 -13.960222
v -30.327034 3.434357 -13.744452
v -29.329197 3.249285 -13.077719
v -28.409588 2.948745 -12.463253
v -27.603540 2.544285 -11.924671
v -26.942036 2.051450 -11.482668
v -26.450493 1.489177 -11.154230
v -26.147804 0.879077 -10.951979
v -26.045599 0.244592 -10.883686
v -26.147804 -0.389892 -10.951979
v -26.450493 -0.999993 -11.154230
v -26.942036 -1.562265 -11.482668
v -27.603540 -2.055101 -11.924671
v -28.409588 -2.459561 -12.463253
v -29.329197 -2.760101 -13.077719
v -30.327034 -2.945173 -13.744452
v -30.482244 3.434357 -13.555326
v -29.633656 3.249285 -12.706736
v -28.851591 2.948745 -11.924671
v -28.166103 2.544286 -11.239185
v -27.603542 2.051450 -10.676622
v -27.185518 1.489178 -10.258600
v -26.928102 0.879077 -10.001183
v -26.841185 0.244593 -9.914265
v -26.928102 -0.389891 -10.001183
v -27.185518 -0.999992 -10.258600
v -27.603542 -1.562264 -10.676622
v -28.166103 -2.055101 -11.239185
v -28.851591 -2.459561 -11.924671
v -29.633656 -2.760101 -12.706736
v -30.482244 -2.945173 -13.555326
v -30.671370 3.434357 -13.400116
v -30.004637 3.249285 -12.402279
v -29.390173 2.948746 -11.482668
v -28.851589 2.544286 -10.676622
v -28.409588 2.051450 -10.015118
v -28.081148 1.489178 -9.523575
v -27.878899 0.879077 -9.220886
v -27.810608 0.244593 -9.118679
v -27.878899 -0.389891 -9.220886
v -28.081148 -0.999992 -9.523575
v -28.409588 -1.562264 -10.015118
v -28.851589 -2.055101 -10.676622
v -29.390173 -2.459560 -11.482668
v -30.004637 -2.760101 -12.402279
v -30.671370 -2.945173 -13.400116
v -30.887140 3.434357 -13.284784
v -30.427887 3.249285 -12.176046
v -30.004637 2.948746 -11.154230
v -29.633654 2.544286 -10.258600
v -29.329199 2.051450 -9.523577
v -29.102964 1.489178 -8.977404
v -28.963654 0.879077 -8.641071
v -28.916615 0.244593 -8.527508
v -28.963654 -0.389891 -8.641071
v -29.102964 -0.999992 -8.977404
v -29.329199 -1.562264 -9.523577
v -29.633654 -2.055101 -10.258600
v -30.004637 -2.459560 -11.154230
v -30.427887 -2.760101 -12.176046
v -30.887140 -2.945173 -13.284784
v -31.121265 3.434357 -13.213762
v -30.887140 3.249285 -12.036734
v -30.671370 2.948746 -10.951981
v -30.482244 2.544286 -10.001183
v -30.327034 2.051450 -9.220886
v -30.211700 1.489178 -8.641071
v -30.140680 0.879077 -8.284025
v -30.116701 0.244593 -8.163465
v -30.140680 -0.389891 -8.284025
v -30.211700 -0.999992 -8.641071
v -30.327034 -1.562264 -9.220886
v -30.482244 -2.055101 -10.001183
v -30.671370 -2.459560 -10.951981
v -30.887140 -2.760101 -12.036734
v -31.121265 -2.945173 -13.213762
v -31.364748 3.434357 -13.189781
v -31.364748 3.249285 -11.989695
v -31.364748 2.948746 -10.883688
v -31.364748 2.544286 -9.914265
v -31.364748 2.051450 -9.118681
v -31.364748 1.489178 -8.527508
v -31.364748 0.879077 -8.163465
v -31.364750 0.244593 -8.040545
v -31.364748 -0.389891 -8.163465
v -31.364748 -0.999992 -8.527508
v -31.364748 -1.562264 -9.118681
v -31.364748 -2.055101 -9.914265
v -31.364748 -2.459560 -10.883688
v -31.364748 -2.760101 -11.989695
v -31.364748 -2.945173 -13.189781
v -31.608231 3.434357 -13.213762
v -31.842356 3.249285 -12.036734
v -32.058128 2.948746 -10.951981
v -32.247253 2.544286 -10.001183
v -32.402462 2.051450 -9.220886
v -32.517796 1.489178 -8.641071
v -32.588818 0.879077 -8.284025
v -32.612797 0.244593 -8.163467
v -32.588818 -0.389891 -8.284025
v -32.517796 -0.999992 -8.641071
v -32.402462 -1.562264 -9.220886
v -32.247253 -2.055101 -10.001183
v -32.058128 -2.459560 -10.951981
v -31.842356 -2.760101 -12.036734
v -31.608231 -2.945173 -13.213762
v -31.842356 3.434357 -13.284784
v -32.301609 3.249285 -12.176048
v -32.724861 2.948746 -11.154232
v -33.095840 2.544286 -10.258600
v -33.400299 2.051450 -9.523577
v -33.626530 1.489178 -8.977404
v -33.765846 0.879077 -8.641073
v -33.812885 0.244593 -8.527512
v -33.765846 -0.389891 -8.641073
v -33.626530 -0.999992 -8.977404
v -33.400299 -1.562264 -9.523577
v -33.095840 -2.055101 -10.258600
v -32.724861 -2.459560 -11.154232
v -32.301609 -2.760101 -12.176048
v -31.842356 -2.945173 -13.284784
v -32.058128 3.434357 -13.400116
v -32.724861 3.249285 -12.402279
v -33.339325 2.948746 -11.482670
v -33.877907 2.544286 -10.676622
v -34.319908 2.051450 -10.015120
v -34.648346 1.489178 -9.523577
v -34.850601 0.879077 -9.220886
v -34.918892 0.244593 -9.118683
v -34.850601 -0.389891 -9.220886
v -34.648346 -0.999992 -9.523577
v -34.319908 -1.562264 -10.015120
v -33.877907 -2.055101 -10.676622
v -33.339325 -2.459560 -11.482670
v -32.724861 -2.760101 -12.402279
v -32.058128 -2.945173 -13.400116
v -32.247250 3.434357 -13.555326
v -33.095840 3.249285 -12.706738
v -33.877907 2.948745 -11.924673
v -34.563393 2.544286 -11.239185
v -35.125954 2.051450 -10.676624
v -35.543976 1.489178 -10.258600
v -35.801395 0.879077 -10.001184
v -35.888313 0.244593 -9.914268
v -35.801395 -0.389891 -10.001184
v -35.543976 -0.999992 -10.258600
v -35.125954 -1.562264 -10.676624
v -34.563393 -2.055101 -11.239185
v -33.877907 -2.459561 -11.924673
v -33.095840 -2.760101 -12.706738
v -32.247250 -2.945173 -13.555326
v -31.364748 -3.007665 -14.437830
v -32.402462 3.434357 -13.744452
v -33.400299 3.249285 -13.077719
v -34.319908 2.948745 -12.463255
v -35.125954 2.544285 -11.924671
v -35.787460 2.051450 -11.482670
v -36.278999 1.489177 -11.154230
v -36.581692 0.879077 -10.951981
v -36.683895 0.244592 -10.883692
v -36.581692 -0.389892 -10.951981
v -36.278999 -0.999993 -11.154230
v -35.787460 -1.562265 -11.482670
v -35.125954 -2.055101 -11.924671
v -34.319908 -2.459561 -12.463255
v -33.400299 -2.760101 -13.077719
v -32.402462 -2.945173 -13.744452
v -32.517796 3.434357 -13.960222
v -33.626530 3.249285 -13.500969
v -34.648346 2.948745 -13.077721
v -35.543976 2.544285 -12.706738
v -36.278999 2.051449 -12.402281
v -36.825172 1.489177 -12.176048
v -37.161507 0.879076 -12.036736
v -37.275070 0.244592 -11.989698
v -37.161507 -0.389892 -12.036736
v -36.825172 -0.999993 -12.176048
v -36.278999 -1.562265 -12.402281
v -35.543976 -2.055101 -12.706738
v -34.648346 -2.459561 -13.077721
v -33.626530 -2.760101 -13.500969
v -32.517796 -2.945173 -13.960222
v -32.588814 3.434357 -14.194347
v -33.765842 3.249285 -13.960222
v -34.850597 2.948745 -13.744452
v -35.801395 2.544285 -13.555326
v -36.581692 2.051449 -13.400116
v -37.161507 1.489177 -13.284782
v -37.518555 0.879076 -13.213764
v -37.639111 0.244592 -13.189785
v -37.518555 -0.389892 -13.213764
v -37.161507 -0.999993 -13.284782
v -36.581692 -1.562265 -13.400116
v -35.801395 -2.055101 -13.555326
v -34.850597 -2.459561 -13.744452
v -33.765842 -2.760101 -13.960222
v -32.588814 -2.945173 -14.194347
v -32.612797 3.434357 -14.437830
v -33.812881 3.249285 -14.437830
v -34.918888 2.948745 -14.437830
v -35.888313 2.544285 -14.437830
v -36.683899 2.051449 -14.437832
v -37.275070 1.489177 -14.437830
v -37.639114 0.879076 -14.437832
v -37.762032 0.244592 -14.437832
v -37.639114 -0.389892 -14.437832
v -37.275070 -0.999993 -14.437830
v -36.683899 -1.562265 -14.437832
v -35.888313 -2.055101 -14.437830
v -34.918888 -2.459561 -14.437830
v -33.812881 -2.760101 -14.437830
v -32.612797 -2.945173 -14.437830
v -32.588814 3.434357 -14.681313
v -33.765842 3.249285 -14.915438
v -34.850597 2.948745 -15.131210
v -35.801395 2.544285 -15.320333
v -36.581692 2.051449 -15.475546
v -37.161507 1.489177 -15.590878
v -37.518551 0.879076 -15.661900
v -37.639107 0.244592 -15.685881
v -37.518551 -0.389892 -15.661900
v -37.161507 -0.999993 -15.590878
v -36.581692 -1.562265 -15.475546
v -35.801395 -2.055102 -15.320333
v -34.850597 -2.459562 -15.131210
v -33.765842 -2.760102 -14.915438
v -32.588814 -2.945173 -14.681313
v -32.517796 3.434357 -14.915438
v -33.626530 3.249285 -15.374691
v -34.648346 2.948745 -15.797941
v -35.543976 2.544285 -16.168924
v -36.278999 2.051449 -16.473381
v -36.825172 1.489177 -16.699612
v -37.161503 0.879076 -16.838926
v -37.275066 0.244592 -16.885967
v -37.161503 -0.389892 -16.838926
v -36.825172 -0.999993 -16.699612
v -36.278999 -1.562265 -16.473381
v -35.543976 -2.055102 -16.168924
v -34.648346 -2.459562 -15.797941
v -33.626530 -2.760102 -15.374691
v -32.517796 -2.945173 -14.915438
v -32.402462 3.434357 -15.131208
v -33.400299 3.249285 -15.797941
v -34.319908 2.948745 -16.412405
v -35.125954 2.544285 -16.950989
v -35.787457 2.051448 -17.392992
v -36.278999 1.489177 -17.721428
v -36.581688 0.879075 -17.923681
v -36.683891 0.244591 -17.991972
v -36.581688 -0.389893 -17.923681
v -36.278999 -0.999994 -17.721428
v -35.787457 -1.562265 -17.392992
v -35.125954 -2.055102 -16.950989
v -34.319908 -2.459562 -16.412405
v -33.400299 -2.760102 -15.797941
v -32.402462 -2.945173 -15.131208
v -32.247250 3.434357 -15.320333
v -33.095840 3.249285 -16.168922
v -33.877903 2.948745 -16.950987
v -34.563393 2.544285 -17.636475
v -35.125954 2.051448 -18.199036
v -35.543976 1.489177 -18.617058
v -35.801392 0.879075 -18.874475
v -35.888306 0.244591 -18.961393
v -35.801392 -0.389893 -18.874475
v -35.543976 -0.999994 -18.617058
v -35.125954 -1.562265 -18.199036
v -34.563393 -2.055102 -17.636475
v -33.877903 -2.459562 -16.950987
v -33.095840 -2.760102 -16.168922
v -32.247250 -2.945173 -15.320333
v -32.058125 3.434357 -15.475544
v -32.724857 3.249285 -16.473381
v -33.339321 2.948744 -17.392990
v -33.877907 2.544284 -18.199038
v -34.319908 2.051448 -18.860540
v -34.648346 1.489176 -19.352083
v -34.850597 0.879075 -19.654774
v -34.918884 0.244591 -19.756977
v -34.850597 -0.389894 -19.654774
v -34.648346 -0.999995 -19.352083
v -34.319908 -1.562266 -18.860540
v -33.877907 -2.055102 -18.199038
v -33.339321 -2.459563 -17.392990
v -32.724857 -2.760102 -16.473381
v -32.058125 -2.945173 -15.475544
v -31.842356 3.434357 -15.590876
v -32.301609 3.249285 -16.699612
v -32.724857 2.948744 -17.721428
v -33.095840 2.544284 -18.617060
v -33.400295 2.051448 -19.352081
v -33.626530 1.489174 -19.898254
v -33.765842 0.879073 -20.234587
v -33.812878 0.244589 -20.348148
v -33.765842 -0.389895 -20.234587
v -33.626530 -0.999995 -19.898254
v -33.400295 -1.562266 -19.352081
v -33.095840 -2.055102 -18.617060
v -32.724857 -2.459563 -17.721428
v -32.301609 -2.760102 -16.699612
v -31.842356 -2.945173 -15.590876
v -31.608231 3.434357 -15.661898
v -31.842356 3.249285 -16.838924
v -32.058125 2.948744 -17.923677
v -32.247250 2.544284 -18.874477
v -32.402462 2.051448 -19.654772
v -32.517796 1.489174 -20.234587
v -32.588814 0.879073 -20.591633
v -32.612793 0.244589 -20.712191
v -32.588814 -0.389895 -20.591633
v -32.517796 -0.999996 -20.234587
v -32.402462 -1.562266 -19.654772
v -32.247250 -2.055102 -18.874477
v -32.058125 -2.459563 -17.923677
v -31.842356 -2.760102 -16.838924
v -31.608231 -2.945173 -15.661898
v -31.364748 3.434357 -15.685879
v -31.364748 3.249285 -16.885965
v -31.364748 2.544284 -18.961395
v -31.364748 1.489174 -20.348152
v -31.364748 -0.999996 -20.348152
v -31.364748 -2.055102 -18.961395
v -31.364746 -2.459563 -17.991968
v -31.364748 -2.760102 -16.885965
v -31.364748 -2.945173 -15.685879
vn 0.0258 0.9647 -0.2621
vn 0.0677 -0.7229 -0.6876
vn 0.0379 0.9222 -0.3848
vn 0.0518 -0.8490 -0.5259
vn 0.0518 0.8490 -0.5259
vn 0.0379 -0.9222 -0.3848
vn 0.0677 0.7229 -0.6876
vn 0.0258 -0.9647 -0.2621
vn 0.0843 0.5106 -0.8557
vn 0.0150 -0.9882 -0.1524
vn 0.0962 0.1893 -0.9772
vn 0.0049 0.9987 -0.0500
vn 0.0049 -0.9987 -0.0500
vn 0.0962 -0.1893 -0.9772
vn 0.0150 0.9882 -0.1524
vn 0.0843 -0.5106 -0.8557
vn 0.0445 0.9882 -0.1465
vn 0.2496 -0.5106 -0.8228
vn 0.0765 0.9647 -0.2521
vn 0.2006 -0.7229 -0.6612
vn 0.1122 0.9222 -0.3700
vn 0.1534 -0.8490 -0.5057
vn 0.1534 0.8490 -0.5057
vn 0.1122 -0.9222 -0.3700
vn 0.2006 0.7229 -0.6612
vn 0.0765 -0.9647 -0.2521
vn 0.2496 0.5106 -0.8228
vn 0.0445 -0.9882 -0.1465
vn 0.2850 0.1893 -0.9396
vn 0.0146 0.9987 -0.0481
vn 0.0146 -0.9987 -0.0481
vn 0.2850 -0.1893 -0.9396
vn 0.3257 0.7229 -0.6093
vn 0.1242 -0.9647 -0.2323
vn 0.4053 0.5106 -0.7583
vn 0.0722 -0.9882 -0.1351
vn 0.4629 0.1893 -0.8660
vn 0.0237 0.9987 -0.0443
vn 0.0237 -0.9987 -0.0443
vn 0.4629 -0.1893 -0.8660
vn 0.0722 0.9882 -0.1351
vn 0.4053 -0.5106 -0.7583
vn 0.1242 0.9647 -0.2323
vn 0.3257 -0.7229 -0.6093
vn 0.1823 0.9222 -0.3410
vn 0.2491 -0.8490 -0.4660
vn 0.2491 0.8490 -0.4660
vn 0.1823 -0.9222 -0.3410
vn 0.5455 -0.5106 -0.6647
vn 0.1671 0.9647 -0.2036
vn 0.4383 -0.7229 -0.5341
vn 0.2453 0.9222 -0.2989
vn 0.3352 -0.8490 -0.4085
vn 0.3352 0.8490 -0.4085
vn 0.2453 -0.9222 -0.2989
vn 0.4383 0.7229 -0.5341
vn 0.1671 -0.9647 -0.2036
vn 0.5455 0.5106 -0.6647
vn 0.0971 -0.9882 -0.1184
vn 0.6229 0.1893 -0.7590
vn 0.0319 0.9987 -0.0388
vn 0.0319 -0.9987 -0.0388
vn 0.6229 -0.1893 -0.7590
vn 0.0971 0.9882 -0.1184
vn 0.2036 -0.9647 -0.1671
vn 0.6647 0.5106 -0.5455
vn 0.1184 -0.9882 -0.0971
vn 0.7590 0.1893 -0.6229
vn 0.0388 0.9987 -0.0319
vn 0.0388 -0.9987 -0.0319
vn 0.7590 -0.1893 -0.6229
vn 0.1184 0.9882 -0.0971
vn 0.6647 -0.5106 -0.5455
vn 0.2036 0.9647 -0.1671
vn 0.5341 -0.7229 -0.4383
vn 0.2989 0.9222 -0.2453
vn 0.4085 -0.8490 -0.3352
vn 0.4085 0.8490 -0.3352
vn 0.2989 -0.9222 -0.2453
vn 0.5341 0.7229 -0.4383
vn 0.2323 0.9647 -0.1242
vn 0.6093 -0.7229 -0.3257
vn 0.3410 0.9222 -0.1823
vn 0.4660 -0.8490 -0.2491
vn 0.4660 0.8490 -0.2491
vn 0.3410 -0.9222 -0.1823
vn 0.6093 0.7229 -0.3257
vn 0.2323 -0.9647 -0.1242
vn 0.7583 0.5106 -0.4053
vn 0.1351 -0.9882 -0.0722
vn 0.8660 0.1893 -0.4629
vn 0.0443 0.9987 -0.0237
vn 0.0443 -0.9987 -0.0237
vn 0.8660 -0.1893 -0.4629
vn 0.1351 0.9882 -0.0722
vn 0.7583 -0.5106 -0.4053
vn 0.8228 0.5106 -0.2496
vn 0.1465 -0.9882 -0.0445
vn 0.9396 0.1893 -0.2850
vn 0.0481 0.9987 -0.0146
vn 0.0481 -0.9987 -0.0146
vn 0.9396 -0.1893 -0.2850
vn 0.1465 0.9882 -0.0445
vn 0.8228 -0.5106 -0.2496
vn 0.2521 0.9647 -0.0765
vn 0.6612 -0.7229 -0.2006
vn 0.3700 0.9222 -0.1122
vn 0.5057 -0.8490 -0.1534
vn 0.5057 0.8490 -0.1534
vn 0.3700 -0.9222 -0.1122
vn 0.6612 0.7229 -0.2006
vn 0.2521 -0.9647 -0.0765
vn 0.6876 -0.7229 -0.0677
vn 0.3848 0.9222 -0.0379
vn 0.5259 -0.8490 -0.0518
vn 0.5259 0.8490 -0.0518
vn 0.3848 -0.9222 -0.0379
vn 0.6876 0.7229 -0.0677
vn 0.2621 -0.9647 -0.0258
vn 0.8557 0.5106 -0.0843
vn 0.1524 -0.9882 -0.0150
vn 0.9772 0.1893 -0.0962
vn 0.0500 0.9987 -0.0049
vn 0.0500 -0.9987 -0.0049
vn 0.9772 -0.1893 -0.0962
vn 0.1524 0.9882 -0.0150
vn 0.8557 -0.5106 -0.0843
vn 0.2621 0.9647 -0.0258
vn 0.1524 -0.9882 0.0150
vn 0.9772 0.1893 0.0962
vn 0.0500 0.9987 0.0049
vn 0.0500 -0.9987 0.0049
vn 0.9772 -0.1893 0.0962
vn 0.1524 0.9882 0.0150
vn 0.8557 -0.5106 0.0843
vn 0.2621 0.9647 0.0258
vn 0.6876 -0.7229 0.0677
vn 0.3848 0.9222 0.0379
vn 0.5259 -0.8490 0.0518
vn 0.5259 0.8490 0.0518
vn 0.3848 -0.9222 0.0379
vn 0.6876 0.7229 0.0677
vn 0.2621 -0.9647 0.0258
vn 0.8557 0.5106 0.0843
vn 0.5057 -0.8490 0.1534
vn 0.5057 0.8490 0.1534
vn 0.3700 -0.9222 0.1122
vn 0.6612 0.7229 0.2006
vn 0.2521 -0.9647 0.0765
vn 0.8228 0.5106 0.2496
vn 0.1465 -0.9882 0.0445
vn 0.9396 0.1893 0.2850
vn 0.0481 0.9987 0.0146
vn 0.0481 -0.9987 0.0146
vn 0.9396 -0.1893 0.2850
vn 0.1465 0.9882 0.0445
vn 0.8228 -0.5106 0.2496
vn 0.2521 0.9647 0.0765
vn 0.6612 -0.7229 0.2006
vn 0.3700 0.9222 0.1122
vn 0.0443 0.9987 0.0237
vn 0.0443 -0.9987 0.0237
vn 0.8660 -0.1893 0.4629
vn 0.1351 0.9882 0.0722
vn 0.7583 -0.5106 0.4053
vn 0.2323 0.9647 0.1242
vn 0.6093 -0.7229 0.3257
vn 0.3410 0.9222 0.1823
vn 0.4660 -0.8490 0.2491
vn 0.4660 0.8490 0.2491
vn 0.3410 -0.9222 0.1823
vn 0.6093 0.7229 0.3257
vn 0.2323 -0.9647 0.1242
vn 0.7583 0.5106 0.4053
vn 0.1351 -0.9882 0.0722
vn 0.8660 0.1893 0.4629
vn 0.4085 0.8490 0.3352
vn 0.2989 -0.9222 0.2453
vn 0.5341 0.7229 0.4383
vn 0.2036 -0.9647 0.1671
vn 0.6647 0.5106 0.5455
vn 0.1184 -0.9882 0.0971
vn 0.7590 0.1893 0.6229
vn 0.0388 0.9987 0.0319
vn 0.0388 -0.9987 0.0319
vn 0.7590 -0.1893 0.6229
vn 0.1184 0.9882 0.0971
vn 0.6647 -0.5106 0.5455
vn 0.2036 0.9647 0.1671
vn 0.5341 -0.7229 0.4383
vn 0.2989 0.9222 0.2453
vn 0.4085 -0.8490 0.3352
vn 0.6229 -0.1893 0.7590
vn 0.0971 0.9882 0.1184
vn 0.5455 -0.5106 0.6647
vn 0.1671 0.9647 0.2036
vn 0.4383 -0.7229 0.5341
vn 0.2453 0.9222 0.2989
vn 0.3352 -0.8490 0.4085
vn 0.3352 0.8490 0.4085
vn 0.2453 -0.9222 0.2989
vn 0.4383 0.7229 0.5341
vn 0.1671 -0.9647 0.2036
vn 0.5455 0.5106 0.6647
vn 0.0971 -0.9882 0.1184
vn 0.6229 0.1893 0.7590
vn 0.0319 0.9987 0.0388
vn 0.0319 -0.9987 0.0388
vn 0.1823 -0.9222 0.3410
vn 0.3257 0.7229 0.6093
vn 0.1242 -0.9647 0.2323
vn 0.4053 0.5106 0.7583
vn 0.0722 -0.9882 0.1351
vn 0.4629 0.1893 0.8660
vn 0.0237 0.9987 0.0443
vn 0.0237 -0.9987 0.0443
vn 0.4629 -0.1893 0.8660
vn 0.0722 0.9882 0.1351
vn 0.4053 -0.5106 0.7583
vn 0.1242 0.9647 0.2323
vn 0.3257 -0.7229 0.6093
vn 0.1823 0.9222 0.3410
vn 0.2491 -0.8490 0.4661
vn 0.2491 0.8490 0.4660
vn 0.0445 0.9882 0.1465
vn 0.2496 -0.5106 0.8228
vn 0.0765 0.9647 0.2521
vn 0.2006 -0.7229 0.6612
vn 0.1122 0.9222 0.3700
vn 0.1534 -0.8490 0.5057
vn 0.1534 0.8490 0.5057
vn 0.1122 -0.9222 0.3700
vn 0.2006 0.7229 0.6612
vn 0.0765 -0.9647 0.2521
vn 0.2496 0.5106 0.8228
vn 0.0445 -0.9882 0.1465
vn 0.2850 0.1893 0.9396
vn 0.0146 0.9987 0.0481
vn 0.0146 -0.9987 0.0481
vn 0.2850 -0.1893 0.9396
vn 0.0677 0.7229 0.6876
vn 0.0258 -0.9647 0.2621
vn 0.0843 0.5106 0.8557
vn 0.0150 -0.9882 0.1524
vn 0.0962 0.1893 0.9772
vn 0.0049 0.9987 0.0500
vn 0.0049 -0.9987 0.0500
vn 0.0962 -0.1893 0.9772
vn 0.0150 0.9882 0.1524
vn 0.0843 -0.5106 0.8557
vn 0.0258 0.9647 0.2621
vn 0.0677 -0.7229 0.6876
vn 0.0379 0.9222 0.3848
vn 0.0518 -0.8490 0.5259
vn 0.0518 0.8490 0.5259
vn 0.0379 -0.9222 0.3848
vn -0.0843 -0.5106 0.8557
vn -0.0258 0.9647 0.2621
vn -0.0677 -0.7229 0.6876
vn -0.0379 0.9222 0.3848
vn -0.0518 -0.8490 0.5259
vn -0.0518 0.8490 0.5259
vn -0.0379 -0.9222 0.3848
vn -0.0677 0.7229 0.6876
vn -0.0258 -0.9647 0.2621
vn -0.0843 0.5106 0.8557
vn -0.0150 -0.9882 0.1524
vn -0.0962 0.1893 0.9772
vn -0.0049 0.9987 0.0500
vn -0.0049 -0.9987 0.0500
vn -0.0962 -0.1893 0.9772
vn -0.0150 0.9882 0.1524
vn -0.0765 -0.9647 0.2521
vn -0.2496 0.5106 0.8228
vn -0.0445 -0.9882 0.1465
vn -0.2850 0.1893 0.9396
vn -0.0146 0.9987 0.0481
vn -0.0146 -0.9987 0.0481
vn -0.2850 -0.1893 0.9396
vn -0.0445 0.9882 0.1465
vn -0.2496 -0.5106 0.8228
vn -0.0765 0.9647 0.2521
vn -0.2006 -0.7229 0.6612
vn -0.1122 0.9222 0.3700
vn -0.1534 -0.8490 0.5057
vn -0.1534 0.8490 0.5057
vn -0.1122 -0.9222 0.3700
vn -0.2006 0.7229 0.6612
vn -0.3257 -0.7229 0.6093
vn -0.1823 0.9222 0.3410
vn -0.2491 -0.8490 0.4661
vn -0.2491 0.8490 0.4660
vn -0.1823 -0.9222 0.3410
vn -0.3257 0.7229 0.6093
vn -0.1242 -0.9647 0.2323
vn -0.4053 0.5106 0.7583
vn -0.0722 -0.9882 0.1351
vn -0.4629 0.1893 0.8660
vn -0.0237 0.9987 0.0443
vn -0.0237 -0.9987 0.0443
vn -0.4629 -0.1893 0.8660
vn -0.0722 0.9882 0.1351
vn -0.4053 -0.5106 0.7583
vn -0.1242 0.9647 0.2323
vn -0.0971 -0.9882 0.1184
vn -0.6229 0.1893 0.7590
vn -0.0319 0.9987 0.0388
vn -0.0319 -0.9987 0.0388
vn -0.6229 -0.1893 0.7590
vn -0.0971 0.9882 0.1184
vn -0.5455 -0.5106 0.6647
vn -0.1671 0.9647 0.2036
vn -0.4383 -0.7229 0.5341
vn -0.2453 0.9222 0.2989
vn -0.3352 -0.8490 0.4085
vn -0.3352 0.8490 0.4085
vn -0.2453 -0.9222 0.2989
vn -0.4383 0.7229 0.5341
vn -0.1671 -0.9647 0.2036
vn -0.5455 0.5106 0.6647
vn -0.2989 0.9222 0.2453
vn -0.4085 -0.8490 0.3352
vn -0.4085 0.8490 0.3352
vn -0.2989 -0.9222 0.2453
vn -0.5341 0.7229 0.4383
vn -0.2036 -0.9647 0.1671
vn -0.6647 0.5106 0.5455
vn -0.1184 -0.9882 0.0971
vn -0.7590 0.1893 0.6229
vn -0.0388 0.9987 0.0319
vn -0.0388 -0.9987 0.0319
vn -0.7590 -0.1893 0.6229
vn -0.1184 0.9882 0.0971
vn -0.6647 -0.5106 0.5455
vn -0.2036 0.9647 0.1671
vn -0.5341 -0.7229 0.4383
vn -0.8660 0.1893 0.4629
vn -0.0443 0.9987 0.0237
vn -0.0443 -0.9987 0.0237
vn -0.8660 -0.1893 0.4629
vn -0.1351 0.9882 0.0722
vn -0.7583 -0.5106 0.4053
vn -0.2323 0.9647 0.1242
vn -0.6093 -0.7229 0.3257
vn -0.3410 0.9222 0.1823
vn -0.4660 -0.8490 0.2491
vn -0.4661 0.8490 0.2491
vn -0.3410 -0.9222 0.1823
vn -0.6093 0.7229 0.3257
vn -0.2323 -0.9647 0.1242
vn -0.7583 0.5106 0.4053
vn -0.1351 -0.9882 0.0722
vn -0.5057 -0.8490 0.1534
vn -0.5057 0.8490 0.1534
vn -0.3700 -0.9222 0.1122
vn -0.6612 0.7229 0.2006
vn -0.2521 -0.9647 0.0765
vn -0.8228 0.5106 0.2496
vn -0.1465 -0.9882 0.0445
vn -0.9396 0.1893 0.2850
vn -0.0481 0.9987 0.0146
vn -0.0481 -0.9987 0.0146
vn -0.9396 -0.1893 0.2850
vn -0.1465 0.9882 0.0445
vn -0.8228 -0.5106 0.2496
vn -0.2521 0.9647 0.0765
vn -0.6612 -0.7229 0.2006
vn -0.3700 0.9222 0.1122
vn -0.0500 0.9987 0.0049
vn -0.0500 -0.9987 0.0049
vn -0.9772 -0.1893 0.0962
vn -0.1524 0.9882 0.0150
vn -0.8557 -0.5106 0.0843
vn -0.2621 0.9647 0.0258
vn -0.6876 -0.7229 0.0677
vn -0.3848 0.9222 0.0379
vn -0.5259 -0.8490 0.0518
vn -0.5259 0.8490 0.0518
vn -0.3848 -0.9222 0.0379
vn -0.6876 0.7229 0.0677
vn -0.2621 -0.9647 0.0258
vn -0.8557 0.5106 0.0843
vn -0.1524 -0.9882 0.0150
vn -0.9772 0.1893 0.0962
vn -0.5259 0.8490 -0.0518
vn -0.3848 -0.9222 -0.0379
vn -0.6876 0.7229 -0.0677
vn -0.2621 -0.9647 -0.0258
vn -0.8557 0.5106 -0.0843
vn -0.1524 -0.9882 -0.0150
vn -0.9772 0.1893 -0.0962
vn -0.0500 0.9987 -0.0049
vn -0.0500 -0.9987 -0.0049
vn -0.9772 -0.1893 -0.0962
vn -0.1524 0.9882 -0.0150
vn -0.8557 -0.5106 -0.0843
vn -0.2621 0.9647 -0.0258
vn -0.6876 -0.7229 -0.0677
vn -0.3848 0.9222 -0.0379
vn -0.5259 -0.8490 -0.0518
vn -0.9396 -0.1893 -0.2850
vn -0.1465 0.9882 -0.0445
vn -0.8228 -0.5106 -0.2496
vn -0.2521 0.9647 -0.0765
vn -0.6612 -0.7229 -0.2006
vn -0.3700 0.9222 -0.1122
vn -0.5057 -0.8490 -0.1534
vn -0.5057 0.8490 -0.1534
vn -0.3700 -0.9222 -0.1122
vn -0.6612 0.7229 -0.2006
vn -0.2521 -0.9647 -0.0765
vn -0.8228 0.5106 -0.2496
vn -0.1465 -0.9882 -0.0445
vn -0.9396 0.1893 -0.2850
vn -0.0481 0.9987 -0.0146
vn -0.0481 -0.9987 -0.0146
vn -0.3410 -0.9222 -0.1823
vn -0.6093 0.7229 -0.3257
vn -0.2323 -0.9647 -0.1242
vn -0.7583 0.5106 -0.4053
vn -0.1351 -0.9882 -0.0722
vn -0.8660 0.1893 -0.4629
vn -0.0443 0.9987 -0.0237
vn -0.0443 -0.9987 -0.0237
vn -0.8660 -0.1893 -0.4629
vn -0.1351 0.9882 -0.0722
vn -0.7583 -0.5106 -0.4053
vn -0.2323 0.9647 -0.1242
vn -0.6093 -0.7229 -0.3257
vn -0.3410 0.9222 -0.1823
vn -0.4661 -0.8490 -0.2491
vn -0.4660 0.8490 -0.2491
vn -0.6647 -0.5106 -0.5455
vn -0.2036 0.9647 -0.1671
vn -0.5341 -0.7229 -0.4383
vn -0.2989 0.9222 -0.2453
vn -0.4085 -0.8490 -0.3352
vn -0.4085 0.8490 -0.3352
vn -0.2989 -0.9222 -0.2453
vn -0.5341 0.7229 -0.4383
vn -0.2036 -0.9647 -0.1671
vn -0.6647 0.5106 -0.5455
vn -0.1184 -0.9882 -0.0971
vn -0.7590 0.1893 -0.6229
vn -0.0388 0.9987 -0.0319
vn -0.0388 -0.9987 -0.0319
vn -0.7590 -0.1893 -0.6229
vn -0.1184 0.9882 -0.0971
vn -0.1671 -0.9647 -0.2036
vn -0.5455 0.5106 -0.6647
vn -0.0971 -0.9882 -0.1184
vn -0.6229 0.1893 -0.7590
vn -0.0319 0.9987 -0.0388
vn -0.0319 -0.9987 -0.0388
vn -0.6229 -0.1893 -0.7590
vn -0.0971 0.9882 -0.1184
vn -0.5455 -0.5106 -0.6647
vn -0.1671 0.9647 -0.2036
vn -0.4383 -0.7229 -0.5341
vn -0.2453 0.9222 -0.2989
vn -0.3352 -0.8490 -0.4085
vn -0.3352 0.8490 -0.4085
vn -0.2453 -0.9222 -0.2989
vn -0.4383 0.7229 -0.5341
vn -0.1242 0.9647 -0.2323
vn -0.3257 -0.7229 -0.6093
vn -0.1823 0.9222 -0.3410
vn -0.2491 -0.8490 -0.4661
vn -0.2491 0.8490 -0.4661
vn -0.1823 -0.9222 -0.3410
vn -0.3257 0.7229 -0.6093
vn -0.1242 -0.9647 -0.2323
vn -0.4053 0.5106 -0.7583
vn -0.0722 -0.9882 -0.1351
vn -0.4629 0.1893 -0.8660
vn -0.0237 0.9987 -0.0443
vn -0.0237 -0.9987 -0.0443
vn -0.4629 -0.1893 -0.8660
vn -0.0722 0.9882 -0.1351
vn -0.4053 -0.5106 -0.7583
vn -0.2496 0.5106 -0.8228
vn -0.0445 -0.9882 -0.1465
vn -0.2850 0.1893 -0.9396
vn -0.0146 0.9987 -0.0481
vn -0.0146 -0.9987 -0.0481
vn -0.2850 -0.1893 -0.9396
vn -0.0445 0.9882 -0.1465
vn -0.2496 -0.5106 -0.8228
vn -0.0765 0.9647 -0.2521
vn -0.2006 -0.7229 -0.6612
vn -0.1122 0.9222 -0.3700
vn -0.1534 -0.8490 -0.5057
vn -0.1534 0.8490 -0.5057
vn -0.1122 -0.9222 -0.3700
vn -0.2006 0.7229 -0.6612
vn -0.0765 -0.9647 -0.2521
vn -0.0677 -0.7229 -0.6876
vn -0.0379 0.9222 -0.3848
vn -0.0518 -0.8490 -0.5259
vn -0.0518 0.8490 -0.5259
vn -0.0379 -0.9222 -0.3848
vn -0.0677 0.7229 -0.6876
vn -0.0258 -0.9647 -0.2621
vn -0.0843 0.5106 -0.8557
vn -0.0150 -0.9882 -0.1524
vn -0.0962 0.1893 -0.9772
vn -0.0049 0.9987 -0.0500
vn -0.0049 -0.9987 -0.0500
vn -0.0962 -0.1893 -0.9772
vn -0.0150 0.9882 -0.1524
vn -0.0843 -0.5106 -0.8557
vn -0.0258 0.9647 -0.2621
vt 0.750000 0.812500
vt 0.750000 0.875000
vt 0.718750 0.875000
vt 0.718750 0.812500
vt 0.750000 0.312500
vt 0.750000 0.375000
vt 0.718750 0.375000
vt 0.718750 0.312500
vt 0.750000 0.750000
vt 0.718750 0.750000
vt 0.750000 0.250000
vt 0.718750 0.250000
vt 0.750000 0.687500
vt 0.718750 0.687500
vt 0.750000 0.187500
vt 0.718750 0.187500
vt 0.750000 0.625000
vt 0.718750 0.625000
vt 0.750000 0.125000
vt 0.718750 0.125000
vt 0.750000 0.562500
vt 0.718750 0.562500
vt 0.750000 0.062500
vt 0.718750 0.062500
vt 0.750000 0.500000
vt 0.718750 0.500000
vt 0.750000 0.937500
vt 0.734375 1.000000
vt 0.718750 0.937500
vt 0.734375 0.000000
vt 0.750000 0.437500
vt 0.718750 0.437500
vt 0.687500 0.937500
vt 0.687500 0.875000
vt 0.687500 0.437500
vt 0.687500 0.375000
vt 0.687500 0.812500
vt 0.687500 0.312500
vt 0.687500 0.750000
vt 0.687500 0.250000
vt 0.687500 0.687500
vt 0.687500 0.187500
vt 0.687500 0.625000
vt 0.687500 0.125000
vt 0.687500 0.562500
vt 0.687500 0.062500
vt 0.687500 0.500000
vt 0.703125 1.000000
vt 0.703125 0.000000
vt 0.656250 0.687500
vt 0.656250 0.625000
vt 0.656250 0.187500
vt 0.656250 0.125000
vt 0.656250 0.562500
vt 0.656250 0.062500
vt 0.656250 0.500000
vt 0.671875 1.000000
vt 0.656250 0.937500
vt 0.671875 0.000000
vt 0.656250 0.437500
vt 0.656250 0.875000
vt 0.656250 0.375000
vt 0.656250 0.812500
vt 0.656250 0.312500
vt 0.656250 0.750000
vt 0.656250 0.250000
vt 0.625000 0.437500
vt 0.625000 0.375000
vt 0.625000 0.875000
vt 0.625000 0.812500
vt 0.625000 0.312500
vt 0.625000 0.750000
vt 0.625000 0.250000
vt 0.625000 0.687500
vt 0.625000 0.187500
vt 0.625000 0.625000
vt 0.625000 0.125000
vt 0.625000 0.562500
vt 0.625000 0.062500
vt 0.625000 0.500000
vt 0.640625 1.000000
vt 0.625000 0.937500
vt 0.640625 0.000000
vt 0.593750 0.187500
vt 0.593750 0.125000
vt 0.593750 0.625000
vt 0.593750 0.562500
vt 0.593750 0.062500
vt 0.593750 0.500000
vt 0.609375 1.000000
vt 0.593750 0.937500
vt 0.609375 0.000000
vt 0.593750 0.437500
vt 0.593750 0.875000
vt 0.593750 0.375000
vt 0.593750 0.812500
vt 0.593750 0.312500
vt 0.593750 0.750000
vt 0.593750 0.250000
vt 0.593750 0.687500
vt 0.562500 0.875000
vt 0.562500 0.812500
vt 0.562500 0.375000
vt 0.562500 0.312500
vt 0.562500 0.750000
vt 0.562500 0.250000
vt 0.562500 0.687500
vt 0.562500 0.187500
vt 0.562500 0.625000
vt 0.562500 0.125000
vt 0.562500 0.562500
vt 0.562500 0.062500
vt 0.562500 0.500000
vt 0.578125 1.000000
vt 0.562500 0.937500
vt 0.578125 0.000000
vt 0.562500 0.437500
vt 0.531250 0.625000
vt 0.531250 0.562500
vt 0.531250 0.125000
vt 0.531250 0.062500
vt 0.531250 0.500000
vt 0.546875 1.000000
vt 0.531250 0.937500
vt 0.546875 0.000000
vt 0.531250 0.437500
vt 0.531250 0.875000
vt 0.531250 0.375000
vt 0.531250 0.812500
vt 0.531250 0.312500
vt 0.531250 0.750000
vt 0.531250 0.250000
vt 0.531250 0.687500
vt 0.531250 0.187500
vt 0.500000 0.375000
vt 0.500000 0.312500
vt 0.500000 0.812500
vt 0.500000 0.750000
vt 0.500000 0.250000
vt 0.500000 0.687500
vt 0.500000 0.187500
vt 0.500000 0.625000
vt 0.500000 0.125000
vt 0.500000 0.562500
vt 0.500000 0.062500
vt 0.500000 0.500000
vt 0.515625 1.000000
vt 0.500000 0.937500
vt 0.515625 0.000000
vt 0.500000 0.437500
vt 0.500000 0.875000
vt 0.468750 0.125000
vt 0.468750 0.062500
vt 0.468750 0.562500
vt 0.468750 0.500000
vt 0.484375 1.000000
vt 0.468750 0.937500
vt 0.484375 0.000000
vt 0.468750 0.437500
vt 0.468750 0.875000
vt 0.468750 0.375000
vt 0.468750 0.812500
vt 0.468750 0.312500
vt 0.468750 0.750000
vt 0.468750 0.250000
vt 0.468750 0.687500
vt 0.468750 0.187500
vt 0.468750 0.625000
vt 0.437500 0.312500
vt 0.437500 0.250000
vt 0.437500 0.750000
vt 0.437500 0.687500
vt 0.437500 0.187500
vt 0.437500 0.625000
vt 0.437500 0.125000
vt 0.437500 0.562500
vt 0.437500 0.062500
vt 0.437500 0.500000
vt 0.453125 1.000000
vt 0.437500 0.937500
vt 0.453125 0.000000
vt 0.437500 0.437500
vt 0.437500 0.875000
vt 0.437500 0.375000
vt 0.437500 0.812500
vt 0.421875 1.000000
vt 0.406250 0.937500
vt 0.421875 0.000000
vt 0.406250 0.062500
vt 0.406250 0.500000
vt 0.406250 0.437500
vt 0.406250 0.875000
vt 0.406250 0.375000
vt 0.406250 0.812500
vt 0.406250 0.312500
vt 0.406250 0.750000
vt 0.406250 0.250000
vt 0.406250 0.687500
vt 0.406250 0.187500
vt 0.406250 0.625000
vt 0.406250 0.125000
vt 0.406250 0.562500
vt 0.375000 0.750000
vt 0.375000 0.687500
vt 0.375000 0.250000
vt 0.375000 0.187500
vt 0.375000 0.625000
vt 0.375000 0.125000
vt 0.375000 0.562500
vt 0.375000 0.062500
vt 0.375000 0.500000
vt 0.390625 1.000000
vt 0.375000 0.937500
vt 0.390625 0.000000
vt 0.375000 0.437500
vt 0.375000 0.875000
vt 0.375000 0.375000
vt 0.375000 0.812500
vt 0.375000 0.312500
vt 0.343750 0.500000
vt 0.343750 0.437500
vt 0.343750 0.937500
vt 0.343750 0.875000
vt 0.343750 0.375000
vt 0.343750 0.812500
vt 0.343750 0.312500
vt 0.343750 0.750000
vt 0.343750 0.250000
vt 0.343750 0.687500
vt 0.343750 0.187500
vt 0.343750 0.625000
vt 0.343750 0.125000
vt 0.343750 0.562500
vt 0.343750 0.062500
vt 0.359375 1.000000
vt 0.359375 0.000000
vt 0.312500 0.250000
vt 0.312500 0.187500
vt 0.312500 0.687500
vt 0.312500 0.625000
vt 0.312500 0.125000
vt 0.312500 0.562500
vt 0.312500 0.062500
vt 0.312500 0.500000
vt 0.328125 1.000000
vt 0.312500 0.937500
vt 0.328125 0.000000
vt 0.312500 0.437500
vt 0.312500 0.875000
vt 0.312500 0.375000
vt 0.312500 0.812500
vt 0.312500 0.312500
vt 0.312500 0.750000
vt 0.281250 0.937500
vt 0.281250 0.875000
vt 0.281250 0.437500
vt 0.281250 0.375000
vt 0.281250 0.812500
vt 0.281250 0.312500
vt 0.281250 0.750000
vt 0.281250 0.250000
vt 0.281250 0.687500
vt 0.281250 0.187500
vt 0.281250 0.625000
vt 0.281250 0.125000
vt 0.281250 0.562500
vt 0.281250 0.062500
vt 0.281250 0.500000
vt 0.296875 1.000000
vt 0.296875 0.000000
vt 0.250000 0.687500
vt 0.250000 0.625000
vt 0.250000 0.187500
vt 0.250000 0.125000
vt 0.250000 0.562500
vt 0.250000 0.062500
vt 0.250000 0.500000
vt 0.265625 1.000000
vt 0.250000 0.937500
vt 0.265625 0.000000
vt 0.250000 0.437500
vt 0.250000 0.875000
vt 0.250000 0.375000
vt 0.250000 0.812500
vt 0.250000 0.312500
vt 0.250000 0.750000
vt 0.250000 0.250000
vt 0.218750 0.437500
vt 0.218750 0.375000
vt 0.218750 0.875000
vt 0.218750 0.812500
vt 0.218750 0.312500
vt 0.218750 0.750000
vt 0.218750 0.250000
vt 0.218750 0.687500
vt 0.218750 0.187500
vt 0.218750 0.625000
vt 0.218750 0.125000
vt 0.218750 0.562500
vt 0.218750 0.062500
vt 0.218750 0.500000
vt 0.234375 1.000000
vt 0.218750 0.937500
vt 0.234375 0.000000
vt 0.187500 0.187500
vt 0.187500 0.125000
vt 0.187500 0.625000
vt 0.187500 0.562500
vt 0.187500 0.062500
vt 0.187500 0.500000
vt 0.203125 1.000000
vt 0.187500 0.937500
vt 0.203125 0.000000
vt 0.187500 0.437500
vt 0.187500 0.875000
vt 0.187500 0.375000
vt 0.187500 0.812500
vt 0.187500 0.312500
vt 0.187500 0.750000
vt 0.187500 0.250000
vt 0.187500 0.687500
vt 0.156250 0.375000
vt 0.156250 0.312500
vt 0.156250 0.812500
vt 0.156250 0.750000
vt 0.156250 0.250000
vt 0.156250 0.687500
vt 0.156250 0.187500
vt 0.156250 0.625000
vt 0.156250 0.125000
vt 0.156250 0.562500
vt 0.156250 0.062500
vt 0.156250 0.500000
vt 0.171875 1.000000
vt 0.156250 0.937500
vt 0.171875 0.000000
vt 0.156250 0.437500
vt 0.156250 0.875000
vt 0.125000 0.125000
vt 0.125000 0.062500
vt 0.125000 0.562500
vt 0.125000 0.500000
vt 0.140625 1.000000
vt 0.125000 0.937500
vt 0.140625 0.000000
vt 0.125000 0.437500
vt 0.125000 0.875000
vt 0.125000 0.375000
vt 0.125000 0.812500
vt 0.125000 0.312500
vt 0.125000 0.750000
vt 0.125000 0.250000
vt 0.125000 0.687500
vt 0.125000 0.187500
vt 0.125000 0.625000
vt 0.093750 0.812500
vt 0.093750 0.750000
vt 0.093750 0.312500
vt 0.093750 0.250000
vt 0.093750 0.687500
vt 0.093750 0.187500
vt 0.093750 0.625000
vt 0.093750 0.125000
vt 0.093750 0.562500
vt 0.093750 0.062500
vt 0.093750 0.500000
vt 0.109375 1.000000
vt 0.093750 0.937500
vt 0.109375 0.000000
vt 0.093750 0.437500
vt 0.093750 0.875000
vt 0.093750 0.375000
vt 0.062500 0.562500
vt 0.062500 0.500000
vt 0.078125 1.000000
vt 0.062500 0.937500
vt 0.078125 0.000000
vt 0.062500 0.062500
vt 0.062500 0.437500
vt 0.062500 0.875000
vt 0.062500 0.375000
vt 0.062500 0.812500
vt 0.062500 0.312500
vt 0.062500 0.750000
vt 0.062500 0.250000
vt 0.062500 0.687500
vt 0.062500 0.187500
vt 0.062500 0.625000
vt 0.062500 0.125000
vt 0.031250 0.312500
vt 0.031250 0.250000
vt 0.031250 0.750000
vt 0.031250 0.687500
vt 0.031250 0.187500
vt 0.031250 0.625000
vt 0.031250 0.125000
vt 0.031250 0.562500
vt 0.031250 0.062500
vt 0.031250 0.500000
vt 0.046875 1.000000
vt 0.031250 0.937500
vt 0.046875 0.000000
vt 0.031250 0.437500
vt 0.031250 0.875000
vt 0.031250 0.375000
vt 0.031250 0.812500
vt 0.015625 1.000000
vt 0.000000 0.937500
vt 0.015625 0.000000
vt 0.000000 0.062500
vt 0.000000 0.500000
vt 0.000000 0.437500
vt 0.000000 0.875000
vt 0.000000 0.375000
vt 0.000000 0.812500
vt 0.000000 0.312500
vt 0.000000 0.750000
vt 0.000000 0.250000
vt 0.000000 0.687500
vt 0.000000 0.187500
vt 0.000000 0.625000
vt 0.000000 0.125000
vt 0.000000 0.562500
vt 1.000000 0.687500
vt 1.000000 0.750000
vt 0.968750 0.750000
vt 0.968750 0.687500
vt 1.000000 0.187500
vt 1.000000 0.250000
vt 0.968750 0.250000
vt 0.968750 0.187500
vt 1.000000 0.625000
vt 0.968750 0.625000
vt 1.000000 0.125000
vt 0.968750 0.125000
vt 1.000000 0.562500
vt 0.968750 0.562500
vt 1.000000 0.062500
vt 0.968750 0.062500
vt 1.000000 0.500000
vt 0.968750 0.500000
vt 1.000000 0.937500
vt 0.984375 1.000000
vt 0.968750 0.937500
vt 0.984375 0.000000
vt 1.000000 0.437500
vt 0.968750 0.437500
vt 1.000000 0.875000
vt 0.968750 0.875000
vt 1.000000 0.375000
vt 0.968750 0.375000
vt 1.000000 0.812500
vt 0.968750 0.812500
vt 1.000000 0.312500
vt 0.968750 0.312500
vt 0.937500 0.500000
vt 0.937500 0.437500
vt 0.937500 0.937500
vt 0.937500 0.875000
vt 0.937500 0.375000
vt 0.937500 0.812500
vt 0.937500 0.312500
vt 0.937500 0.750000
vt 0.937500 0.250000
vt 0.937500 0.687500
vt 0.937500 0.187500
vt 0.937500 0.625000
vt 0.937500 0.125000
vt 0.937500 0.562500
vt 0.937500 0.062500
vt 0.953125 1.000000
vt 0.953125 0.000000
vt 0.906250 0.250000
vt 0.906250 0.187500
vt 0.906250 0.687500
vt 0.906250 0.625000
vt 0.906250 0.125000
vt 0.906250 0.562500
vt 0.906250 0.062500
vt 0.906250 0.500000
vt 0.921875 1.000000
vt 0.906250 0.937500
vt 0.921875 0.000000
vt 0.906250 0.437500
vt 0.906250 0.875000
vt 0.906250 0.375000
vt 0.906250 0.812500
vt 0.906250 0.312500
vt 0.906250 0.750000
vt 0.875000 0.437500
vt 0.875000 0.375000
vt 0.875000 0.875000
vt 0.875000 0.812500
vt 0.875000 0.312500
vt 0.875000 0.750000
vt 0.875000 0.250000
vt 0.875000 0.687500
vt 0.875000 0.187500
vt 0.875000 0.625000
vt 0.875000 0.125000
vt 0.875000 0.562500
vt 0.875000 0.062500
vt 0.875000 0.500000
vt 0.890625 1.000000
vt 0.875000 0.937500
vt 0.890625 0.000000
vt 0.843750 0.187500
vt 0.843750 0.125000
vt 0.843750 0.625000
vt 0.843750 0.562500
vt 0.843750 0.062500
vt 0.843750 0.500000
vt 0.859375 1.000000
vt 0.843750 0.937500
vt 0.859375 0.000000
vt 0.843750 0.437500
vt 0.843750 0.875000
vt 0.843750 0.375000
vt 0.843750 0.812500
vt 0.843750 0.312500
vt 0.843750 0.750000
vt 0.843750 0.250000
vt 0.843750 0.687500
vt 0.812500 0.875000
vt 0.812500 0.812500
vt 0.812500 0.375000
vt 0.812500 0.312500
vt 0.812500 0.750000
vt 0.812500 0.250000
vt 0.812500 0.687500
vt 0.812500 0.187500
vt 0.812500 0.625000
vt 0.812500 0.125000
vt 0.812500 0.562500
vt 0.812500 0.062500
vt 0.812500 0.500000
vt 0.828125 1.000000
vt 0.812500 0.937500
vt 0.828125 0.000000
vt 0.812500 0.437500
vt 0.781250 0.625000
vt 0.781250 0.562500
vt 0.781250 0.125000
vt 0.781250 0.062500
vt 0.781250 0.500000
vt 0.796875 1.000000
vt 0.781250 0.937500
vt 0.796875 0.000000
vt 0.781250 0.437500
vt 0.781250 0.875000
vt 0.781250 0.375000
vt 0.781250 0.812500
vt 0.781250 0.312500
vt 0.781250 0.750000
vt 0.781250 0.250000
vt 0.781250 0.687500
vt 0.781250 0.187500
vt 0.765625 1.000000
vt 0.765625 0.000000
s 0
usemtl Материал.014
f 565/833/357 1039/834/357 572/835/357 573/836/357
f 570/837/358 1042/838/358 580/839/358 581/840/358
f 1040/841/359 565/833/359 573/836/359 574/842/359
f 1043/843/360 570/837/360 581/840/360 582/844/360
f 566/845/361 1040/841/361 574/842/361 575/846/361
f 1044/847/362 1043/843/362 582/844/362 583/848/362
f 1041/849/363 566/845/363 575/846/363 576/850/363
f 1045/851/364 1044/847/364 583/848/364 584/852/364
f 567/853/365 1041/849/365 576/850/365 577/854/365
f 1046/855/366 1045/851/366 584/852/366 585/856/366
f 568/857/367 567/853/367 577/854/367 578/858/367
f 1038/859/368 646/860/368 571/861/368
f 872/862/369 1046/855/369 585/856/369
f 569/863/370 568/857/370 578/858/370 579/864/370
f 1039/834/371 1038/859/371 571/861/371 572/835/371
f 1042/838/372 569/863/372 579/864/372 580/839/372
f 572/835/373 571/861/373 586/865/373 587/866/373
f 580/839/374 579/864/374 594/867/374 595/868/374
f 573/836/375 572/835/375 587/866/375 588/869/375
f 581/840/376 580/839/376 595/868/376 596/870/376
f 574/842/377 573/836/377 588/869/377 589/871/377
f 582/844/378 581/840/378 596/870/378 597/872/378
f 575/846/379 574/842/379 589/871/379 590/873/379
f 583/848/380 582/844/380 597/872/380 598/874/380
f 576/850/381 575/846/381 590/873/381 591/875/381
f 584/852/382 583/848/382 598/874/382 599/876/382
f 577/854/383 576/850/383 591/875/383 592/877/383
f 585/856/384 584/852/384 599/876/384 600/878/384
f 578/858/385 577/854/385 592/877/385 593/879/385
f 571/861/386 646/880/386 586/865/386
f 872/881/387 585/856/387 600/878/387
f 579/864/388 578/858/388 593/879/388 594/867/388
f 591/875/389 590/873/389 605/882/389 606/883/389
f 599/876/390 598/874/390 613/884/390 614/885/390
f 592/877/391 591/875/391 606/883/391 607/886/391
f 600/878/392 599/876/392 614/885/392 615/887/392
f 593/879/393 592/877/393 607/886/393 608/888/393
f 586/865/394 646/889/394 601/890/394
f 872/891/395 600/878/395 615/887/395
f 594/867/396 593/879/396 608/888/396 609/892/396
f 587/866/397 586/865/397 601/890/397 602/893/397
f 595/868/398 594/867/398 609/892/398 610/894/398
f 588/869/399 587/866/399 602/893/399 603/895/399
f 596/870/400 595/868/400 610/894/400 611/896/400
f 589/871/401 588/869/401 603/895/401 604/897/401
f 597/872/402 596/870/402 611/896/402 612/898/402
f 590/873/403 589/871/403 604/897/403 605/882/403
f 598/874/404 597/872/404 612/898/404 613/884/404
f 610/894/405 609/892/405 624/899/405 625/900/405
f 603/895/406 602/893/406 617/901/406 618/902/406
f 611/896/407 610/894/407 625/900/407 626/903/407
f 604/897/408 603/895/408 618/902/408 619/904/408
f 612/898/409 611/896/409 626/903/409 627/905/409
f 605/882/410 604/897/410 619/904/410 620/906/410
f 613/884/411 612/898/411 627/905/411 628/907/411
f 606/883/412 605/882/412 620/906/412 621/908/412
f 614/885/413 613/884/413 628/907/413 629/909/413
f 607/886/414 606/883/414 621/908/414 622/910/414
f 615/887/415 614/885/415 629/909/415 630/911/415
f 608/888/416 607/886/416 622/910/416 623/912/416
f 601/890/417 646/913/417 616/914/417
f 872/915/418 615/887/418 630/911/418
f 609/892/419 608/888/419 623/912/419 624/899/419
f 602/893/420 601/890/420 616/914/420 617/901/420
f 629/909/421 628/907/421 643/916/421 644/917/421
f 622/910/422 621/908/422 636/918/422 637/919/422
f 630/911/423 629/909/423 644/917/423 645/920/423
f 623/912/424 622/910/424 637/919/424 638/921/424
f 616/914/425 646/922/425 631/923/425
f 872/924/426 630/911/426 645/920/426
f 624/899/427 623/912/427 638/921/427 639/925/427
f 617/901/428 616/914/428 631/923/428 632/926/428
f 625/900/429 624/899/429 639/925/429 640/927/429
f 618/902/430 617/901/430 632/926/430 633/928/430
f 626/903/431 625/900/431 640/927/431 641/929/431
f 619/904/432 618/902/432 633/928/432 634/930/432
f 627/905/433 626/903/433 641/929/433 642/931/433
f 620/906/434 619/904/434 634/930/434 635/932/434
f 628/907/435 627/905/435 642/931/435 643/916/435
f 621/908/436 620/906/436 635/932/436 636/918/436
f 633/928/437 632/926/437 648/933/437 649/934/437
f 641/929/438 640/927/438 656/935/438 657/936/438
f 634/930/439 633/928/439 649/934/439 650/937/439
f 642/931/440 641/929/440 657/936/440 658/938/440
f 635/932/441 634/930/441 650/937/441 651/939/441
f 643/916/442 642/931/442 658/938/442 659/940/442
f 636/918/443 635/932/443 651/939/443 652/941/443
f 644/917/444 643/916/444 659/940/444 660/942/444
f 637/919/445 636/918/445 652/941/445 653/943/445
f 645/920/446 644/917/446 660/942/446 661/944/446
f 638/921/447 637/919/447 653/943/447 654/945/447
f 631/923/448 646/946/448 647/947/448
f 872/948/449 645/920/449 661/944/449
f 639/925/450 638/921/450 654/945/450 655/949/450
f 632/926/451 631/923/451 647/947/451 648/933/451
f 640/927/452 639/925/452 655/949/452 656/935/452
f 653/943/453 652/941/453 667/950/453 668/951/453
f 661/944/454 660/942/454 675/952/454 676/953/454
f 654/945/455 653/943/455 668/951/455 669/954/455
f 647/947/456 646/955/456 662/956/456
f 872/957/457 661/944/457 676/953/457
f 655/949/458 654/945/458 669/954/458 670/958/458
f 648/933/459 647/947/459 662/956/459 663/959/459
f 656/935/460 655/949/460 670/958/460 671/960/460
f 649/934/461 648/933/461 663/959/461 664/961/461
f 657/936/462 656/935/462 671/960/462 672/962/462
f 650/937/463 649/934/463 664/961/463 665/963/463
f 658/938/464 657/936/464 672/962/464 673/964/464
f 651/939/465 650/937/465 665/963/465 666/965/465
f 659/940/466 658/938/466 673/964/466 674/966/466
f 652/941/467 651/939/467 666/965/467 667/950/467
f 660/942/468 659/940/468 674/966/468 675/952/468
f 672/962/469 671/960/469 686/967/469 687/968/469
f 665/963/470 664/961/470 679/969/470 680/970/470
f 673/964/471 672/962/471 687/968/471 688/971/471
f 666/965/472 665/963/472 680/970/472 681/972/472
f 674/966/473 673/964/473 688/971/473 689/973/473
f 667/950/474 666/965/474 681/972/474 682/974/474
f 675/952/475 674/966/475 689/973/475 690/975/475
f 668/951/476 667/950/476 682/974/476 683/976/476
f 676/953/477 675/952/477 690/975/477 691/977/477
f 669/954/478 668/951/478 683/976/478 684/978/478
f 662/956/479 646/979/479 677/980/479
f 872/981/480 676/953/480 691/977/480
f 670/958/481 669/954/481 684/978/481 685/982/481
f 663/959/482 662/956/482 677/980/482 678/983/482
f 671/960/483 670/958/483 685/982/483 686/967/483
f 664/961/484 663/959/484 678/983/484 679/969/484
f 691/977/485 690/975/485 705/984/485 706/985/485
f 684/978/486 683/976/486 698/986/486 699/987/486
f 677/980/487 646/988/487 692/989/487
f 872/990/488 691/977/488 706/985/488
f 685/982/489 684/978/489 699/987/489 700/991/489
f 678/983/490 677/980/490 692/989/490 693/992/490
f 686/967/491 685/982/491 700/991/491 701/993/491
f 679/969/492 678/983/492 693/992/492 694/994/492
f 687/968/493 686/967/493 701/993/493 702/995/493
f 680/970/494 679/969/494 694/994/494 695/996/494
f 688/971/495 687/968/495 702/995/495 703/997/495
f 681/972/496 680/970/496 695/996/496 696/998/496
f 689/973/497 688/971/497 703/997/497 704/999/497
f 682/974/498 681/972/498 696/998/498 697/1000/498
f 690/975/499 689/973/499 704/999/499 705/984/499
f 683/976/500 682/974/500 697/1000/500 698/986/500
f 703/997/501 702/995/501 717/1001/501 718/1002/501
f 696/998/502 695/996/502 710/1003/502 711/1004/502
f 704/999/503 703/997/503 718/1002/503 719/1005/503
f 697/1000/504 696/998/504 711/1004/504 712/1006/504
f 705/984/505 704/999/505 719/1005/505 720/1007/505
f 698/986/506 697/1000/506 712/1006/506 713/1008/506
f 706/985/507 705/984/507 720/1007/507 721/1009/507
f 699/987/508 698/986/508 713/1008/508 714/1010/508
f 692/989/509 646/1011/509 707/1012/509
f 872/1013/510 706/985/510 721/1009/510
f 700/991/511 699/987/511 714/1010/511 715/1014/511
f 693/992/512 692/989/512 707/1012/512 708/1015/512
f 701/993/513 700/991/513 715/1014/513 716/1016/513
f 694/994/514 693/992/514 708/1015/514 709/1017/514
f 702/995/515 701/993/515 716/1016/515 717/1001/515
f 695/996/516 694/994/516 709/1017/516 710/1003/516
f 707/1012/517 646/1018/517 722/1019/517
f 872/1020/518 721/1009/518 736/1021/518
f 715/1014/519 714/1010/519 729/1022/519 730/1023/519
f 708/1015/520 707/1012/520 722/1019/520 723/1024/520
f 716/1016/521 715/1014/521 730/1023/521 731/1025/521
f 709/1017/522 708/1015/522 723/1024/522 724/1026/522
f 717/1001/523 716/1016/523 731/1025/523 732/1027/523
f 710/1003/524 709/1017/524 724/1026/524 725/1028/524
f 718/1002/525 717/1001/525 732/1027/525 733/1029/525
f 711/1004/526 710/1003/526 725/1028/526 726/1030/526
f 719/1005/527 718/1002/527 733/1029/527 734/1031/527
f 712/1006/528 711/1004/528 726/1030/528 727/1032/528
f 720/1007/529 719/1005/529 734/1031/529 735/1033/529
f 713/1008/530 712/1006/530 727/1032/530 728/1034/530
f 721/1009/531 720/1007/531 735/1033/531 736/1021/531
f 714/1010/532 713/1008/532 728/1034/532 729/1022/532
f 726/1030/533 725/1028/533 740/1035/533 741/1036/533
f 734/1031/534 733/1029/534 748/1037/534 749/1038/534
f 727/1032/535 726/1030/535 741/1036/535 742/1039/535
f 735/1033/536 734/1031/536 749/1038/536 750/1040/536
f 728/1034/537 727/1032/537 742/1039/537 743/1041/537
f 736/1021/538 735/1033/538 750/1040/538 751/1042/538
f 729/1022/539 728/1034/539 743/1041/539 744/1043/539
f 722/1019/540 646/1044/540 737/1045/540
f 872/1046/541 736/1021/541 751/1042/541
f 730/1023/542 729/1022/542 744/1043/542 745/1047/542
f 723/1024/543 722/1019/543 737/1045/543 738/1048/543
f 731/1025/544 730/1023/544 745/1047/544 746/1049/544
f 724/1026/545 723/1024/545 738/1048/545 739/1050/545
f 732/1027/546 731/1025/546 746/1049/546 747/1051/546
f 725/1028/547 724/1026/547 739/1050/547 740/1035/547
f 733/1029/548 732/1027/548 747/1051/548 748/1037/548
f 745/1047/549 744/1043/549 759/1052/549 760/1053/549
f 738/1048/550 737/1045/550 752/1054/550 753/1055/550
f 746/1049/551 745/1047/551 760/1053/551 761/1056/551
f 739/1050/552 738/1048/552 753/1055/552 754/1057/552
f 747/1051/553 746/1049/553 761/1056/553 762/1058/553
f 740/1035/554 739/1050/554 754/1057/554 755/1059/554
f 748/1037/555 747/1051/555 762/1058/555 763/1060/555
f 741/1036/556 740/1035/556 755/1059/556 756/1061/556
f 749/1038/557 748/1037/557 763/1060/557 764/1062/557
f 742/1039/558 741/1036/558 756/1061/558 757/1063/558
f 750/1040/559 749/1038/559 764/1062/559 765/1064/559
f 743/1041/560 742/1039/560 757/1063/560 758/1065/560
f 751/1042/561 750/1040/561 765/1064/561 766/1066/561
f 744/1043/562 743/1041/562 758/1065/562 759/1052/562
f 737/1045/563 646/1067/563 752/1054/563
f 872/1068/564 751/1042/564 766/1066/564
f 764/1062/565 763/1060/565 778/1069/565 779/1070/565
f 757/1063/566 756/1061/566 771/1071/566 772/1072/566
f 765/1064/567 764/1062/567 779/1070/567 780/1073/567
f 758/1065/568 757/1063/568 772/1072/568 773/1074/568
f 766/1066/569 765/1064/569 780/1073/569 781/1075/569
f 759/1052/570 758/1065/570 773/1074/570 774/1076/570
f 752/1054/571 646/1077/571 767/1078/571
f 872/1079/572 766/1066/572 781/1075/572
f 760/1053/573 759/1052/573 774/1076/573 775/1080/573
f 753/1055/574 752/1054/574 767/1078/574 768/1081/574
f 761/1056/575 760/1053/575 775/1080/575 776/1082/575
f 754/1057/576 753/1055/576 768/1081/576 769/1083/576
f 762/1058/577 761/1056/577 776/1082/577 777/1084/577
f 755/1059/578 754/1057/578 769/1083/578 770/1085/578
f 763/1060/579 762/1058/579 777/1084/579 778/1069/579
f 756/1061/580 755/1059/580 770/1085/580 771/1071/580
f 768/1081/581 767/1078/581 782/1086/581 783/1087/581
f 776/1082/582 775/1080/582 790/1088/582 791/1089/582
f 769/1083/583 768/1081/583 783/1087/583 784/1090/583
f 777/1084/584 776/1082/584 791/1089/584 792/1091/584
f 770/1085/585 769/1083/585 784/1090/585 785/1092/585
f 778/1069/586 777/1084/586 792/1091/586 793/1093/586
f 771/1071/587 770/1085/587 785/1092/587 786/1094/587
f 779/1070/588 778/1069/588 793/1093/588 794/1095/588
f 772/1072/589 771/1071/589 786/1094/589 787/1096/589
f 780/1073/590 779/1070/590 794/1095/590 795/1097/590
f 773/1074/591 772/1072/591 787/1096/591 788/1098/591
f 781/1075/592 780/1073/592 795/1097/592 796/1099/592
f 774/1076/593 773/1074/593 788/1098/593 789/1100/593
f 767/1078/594 646/1101/594 782/1086/594
f 872/1102/595 781/1075/595 796/1099/595
f 775/1080/596 774/1076/596 789/1100/596 790/1088/596
f 787/1096/597 786/1094/597 801/1103/597 802/1104/597
f 795/1097/598 794/1095/598 809/1105/598 810/1106/598
f 788/1098/599 787/1096/599 802/1104/599 803/1107/599
f 796/1099/600 795/1097/600 810/1106/600 811/1108/600
f 789/1100/601 788/1098/601 803/1107/601 804/1109/601
f 782/1086/602 646/1110/602 797/1111/602
f 872/1112/603 796/1099/603 811/1108/603
f 790/1088/604 789/1100/604 804/1109/604 805/1113/604
f 783/1087/605 782/1086/605 797/1111/605 798/1114/605
f 791/1089/606 790/1088/606 805/1113/606 806/1115/606
f 784/1090/607 783/1087/607 798/1114/607 799/1116/607
f 792/1091/608 791/1089/608 806/1115/608 807/1117/608
f 785/1092/609 784/1090/609 799/1116/609 800/1118/609
f 793/1093/610 792/1091/610 807/1117/610 808/1119/610
f 786/1094/611 785/1092/611 800/1118/611 801/1103/611
f 794/1095/612 793/1093/612 808/1119/612 809/1105/612
f 806/1115/613 805/1113/613 820/1120/613 821/1121/613
f 799/1116/614 798/1114/614 813/1122/614 814/1123/614
f 807/1117/615 806/1115/615 821/1121/615 822/1124/615
f 800/1118/616 799/1116/616 814/1123/616 815/1125/616
f 808/1119/617 807/1117/617 822/1124/617 823/1126/617
f 801/1103/618 800/1118/618 815/1125/618 816/1127/618
f 809/1105/619 808/1119/619 823/1126/619 824/1128/619
f 802/1104/620 801/1103/620 816/1127/620 817/1129/620
f 810/1106/621 809/1105/621 824/1128/621 825/1130/621
f 803/1107/622 802/1104/622 817/1129/622 818/1131/622
f 811/1108/623 810/1106/623 825/1130/623 826/1132/623
f 804/1109/624 803/1107/624 818/1131/624 819/1133/624
f 797/1111/625 646/1134/625 812/1135/625
f 872/1136/626 811/1108/626 826/1132/626
f 805/1113/627 804/1109/627 819/1133/627 820/1120/627
f 798/1114/628 797/1111/628 812/1135/628 813/1122/628
f 825/1130/629 824/1128/629 839/1137/629 840/1138/629
f 818/1131/630 817/1129/630 832/1139/630 833/1140/630
f 826/1132/631 825/1130/631 840/1138/631 841/1141/631
f 819/1133/632 818/1131/632 833/1140/632 834/1142/632
f 812/1135/633 646/1143/633 827/1144/633
f 872/1145/634 826/1132/634 841/1141/634
f 820/1120/635 819/1133/635 834/1142/635 835/1146/635
f 813/1122/636 812/1135/636 827/1144/636 828/1147/636
f 821/1121/637 820/1120/637 835/1146/637 836/1148/637
f 814/1123/638 813/1122/638 828/1147/638 829/1149/638
f 822/1124/639 821/1121/639 836/1148/639 837/1150/639
f 815/1125/640 814/1123/640 829/1149/640 830/1151/640
f 823/1126/641 822/1124/641 837/1150/641 838/1152/641
f 816/1127/642 815/1125/642 830/1151/642 831/1153/642
f 824/1128/643 823/1126/643 838/1152/643 839/1137/643
f 817/1129/644 816/1127/644 831/1153/644 832/1139/644
f 837/1150/645 836/1148/645 851/1154/645 852/1155/645
f 830/1151/646 829/1149/646 844/1156/646 845/1157/646
f 838/1152/647 837/1150/647 852/1155/647 853/1158/647
f 831/1153/648 830/1151/648 845/1157/648 846/1159/648
f 839/1137/649 838/1152/649 853/1158/649 854/1160/649
f 832/1139/650 831/1153/650 846/1159/650 847/1161/650
f 840/1138/651 839/1137/651 854/1160/651 855/1162/651
f 833/1140/652 832/1139/652 847/1161/652 848/1163/652
f 841/1141/653 840/1138/653 855/1162/653 856/1164/653
f 834/1142/654 833/1140/654 848/1163/654 849/1165/654
f 827/1144/655 646/1166/655 842/1167/655
f 872/1168/656 841/1141/656 856/1164/656
f 835/1146/657 834/1142/657 849/1165/657 850/1169/657
f 828/1147/658 827/1144/658 842/1167/658 843/1170/658
f 836/1148/659 835/1146/659 850/1169/659 851/1154/659
f 829/1149/660 828/1147/660 843/1170/660 844/1156/660
f 856/1164/661 855/1162/661 870/1171/661 871/1172/661
f 849/1165/662 848/1163/662 863/1173/662 864/1174/662
f 842/1167/663 646/1175/663 857/1176/663
f 872/1177/664 856/1164/664 871/1172/664
f 850/1169/665 849/1165/665 864/1174/665 865/1178/665
f 843/1170/666 842/1167/666 857/1176/666 858/1179/666
f 851/1154/667 850/1169/667 865/1178/667 866/1180/667
f 844/1156/668 843/1170/668 858/1179/668 859/1181/668
f 852/1155/669 851/1154/669 866/1180/669 867/1182/669
f 845/1157/670 844/1156/670 859/1181/670 860/1183/670
f 853/1158/671 852/1155/671 867/1182/671 868/1184/671
f 846/1159/672 845/1157/672 860/1183/672 861/1185/672
f 854/1160/673 853/1158/673 868/1184/673 869/1186/673
f 847/1161/674 846/1159/674 861/1185/674 862/1187/674
f 855/1162/675 854/1160/675 869/1186/675 870/1171/675
f 848/1163/676 847/1161/676 862/1187/676 863/1173/676
f 860/1183/677 859/1181/677 875/1188/677 876/1189/677
f 868/1184/678 867/1182/678 883/1190/678 884/1191/678
f 861/1185/679 860/1183/679 876/1189/679 877/1192/679
f 869/1186/680 868/1184/680 884/1191/680 885/1193/680
f 862/1187/681 861/1185/681 877/1192/681 878/1194/681
f 870/1171/682 869/1186/682 885/1193/682 886/1195/682
f 863/1173/683 862/1187/683 878/1194/683 879/1196/683
f 871/1172/684 870/1171/684 886/1195/684 887/1197/684
f 864/1174/685 863/1173/685 879/1196/685 880/1198/685
f 857/1176/686 646/1199/686 873/1200/686
f 872/1201/687 871/1172/687 887/1197/687
f 865/1178/688 864/1174/688 880/1198/688 881/1202/688
f 858/1179/689 857/1176/689 873/1200/689 874/1203/689
f 866/1180/690 865/1178/690 881/1202/690 882/1204/690
f 859/1181/691 858/1179/691 874/1203/691 875/1188/691
f 867/1182/692 866/1180/692 882/1204/692 883/1190/692
f 880/1198/693 879/1196/693 894/1205/693 895/1206/693
f 873/1200/694 646/1207/694 888/1208/694
f 872/1209/695 887/1197/695 902/1210/695
f 881/1202/696 880/1198/696 895/1206/696 896/1211/696
f 874/1203/697 873/1200/697 888/1208/697 889/1212/697
f 882/1204/698 881/1202/698 896/1211/698 897/1213/698
f 875/1188/699 874/1203/699 889/1212/699 890/1214/699
f 883/1190/700 882/1204/700 897/1213/700 898/1215/700
f 876/1189/701 875/1188/701 890/1214/701 891/1216/701
f 884/1191/702 883/1190/702 898/1215/702 899/1217/702
f 877/1192/703 876/1189/703 891/1216/703 892/1218/703
f 885/1193/704 884/1191/704 899/1217/704 900/1219/704
f 878/1194/705 877/1192/705 892/1218/705 893/1220/705
f 886/1195/706 885/1193/706 900/1219/706 901/1221/706
f 879/1196/707 878/1194/707 893/1220/707 894/1205/707
f 887/1197/708 886/1195/708 901/1221/708 902/1210/708
f 899/1217/709 898/1215/709 913/1222/709 914/1223/709
f 892/1218/710 891/1216/710 906/1224/710 907/1225/710
f 900/1219/711 899/1217/711 914/1223/711 915/1226/711
f 893/1220/712 892/1218/712 907/1225/712 908/1227/712
f 901/1221/713 900/1219/713 915/1226/713 916/1228/713
f 894/1205/714 893/1220/714 908/1227/714 909/1229/714
f 902/1210/715 901/1221/715 916/1228/715 917/1230/715
f 895/1206/716 894/1205/716 909/1229/716 910/1231/716
f 888/1208/717 646/1232/717 903/1233/717
f 872/1234/718 902/1210/718 917/1230/718
f 896/1211/719 895/1206/719 910/1231/719 911/1235/719
f 889/1212/720 888/1208/720 903/1233/720 904/1236/720
f 897/1213/721 896/1211/721 911/1235/721 912/1237/721
f 890/1214/722 889/1212/722 904/1236/722 905/1238/722
f 898/1215/723 897/1213/723 912/1237/723 913/1222/723
f 891/1216/724 890/1214/724 905/1238/724 906/1224/724
f 903/1233/725 646/1239/725 918/1240/725
f 872/1241/726 917/1230/726 932/1242/726
f 911/1235/727 910/1231/727 925/1243/727 926/1244/727
f 904/1236/728 903/1233/728 918/1240/728 919/1245/728
f 912/1237/729 911/1235/729 926/1244/729 927/1246/729
f 905/1238/730 904/1236/730 919/1245/730 920/1247/730
f 913/1222/731 912/1237/731 927/1246/731 928/1248/731
f 906/1224/732 905/1238/732 920/1247/732 921/1249/732
f 914/1223/733 913/1222/733 928/1248/733 929/1250/733
f 907/1225/734 906/1224/734 921/1249/734 922/1251/734
f 915/1226/735 914/1223/735 929/1250/735 930/1252/735
f 908/1227/736 907/1225/736 922/1251/736 923/1253/736
f 916/1228/737 915/1226/737 930/1252/737 931/1254/737
f 909/1229/738 908/1227/738 923/1253/738 924/1255/738
f 917/1230/739 916/1228/739 931/1254/739 932/1242/739
f 910/1231/740 909/1229/740 924/1255/740 925/1243/740
f 922/1256/741 921/1257/741 936/1258/741 937/1259/741
f 930/1260/742 929/1261/742 944/1262/742 945/1263/742
f 923/1264/743 922/1256/743 937/1259/743 938/1265/743
f 931/1266/744 930/1260/744 945/1263/744 946/1267/744
f 924/1268/745 923/1264/745 938/1265/745 939/1269/745
f 932/1270/746 931/1266/746 946/1267/746 947/1271/746
f 925/1272/747 924/1268/747 939/1269/747 940/1273/747
f 918/1274/748 646/1275/748 933/1276/748
f 872/1277/749 932/1270/749 947/1271/749
f 926/1278/750 925/1272/750 940/1273/750 941/1279/750
f 919/1280/751 918/1274/751 933/1276/751 934/1281/751
f 927/1282/752 926/1278/752 941/1279/752 942/1283/752
f 920/1284/753 919/1280/753 934/1281/753 935/1285/753
f 928/1286/754 927/1282/754 942/1283/754 943/1287/754
f 921/1257/755 920/1284/755 935/1285/755 936/1258/755
f 929/1261/756 928/1286/756 943/1287/756 944/1262/756
f 941/1279/757 940/1273/757 955/1288/757 956/1289/757
f 934/1281/758 933/1276/758 948/1290/758 949/1291/758
f 942/1283/759 941/1279/759 956/1289/759 957/1292/759
f 935/1285/760 934/1281/760 949/1291/760 950/1293/760
f 943/1287/761 942/1283/761 957/1292/761 958/1294/761
f 936/1258/762 935/1285/762 950/1293/762 951/1295/762
f 944/1262/763 943/1287/763 958/1294/763 959/1296/763
f 937/1259/764 936/1258/764 951/1295/764 952/1297/764
f 945/1263/765 944/1262/765 959/1296/765 960/1298/765
f 938/1265/766 937/1259/766 952/1297/766 953/1299/766
f 946/1267/767 945/1263/767 960/1298/767 961/1300/767
f 939/1269/768 938/1265/768 953/1299/768 954/1301/768
f 947/1271/769 946/1267/769 961/1300/769 962/1302/769
f 940/1273/770 939/1269/770 954/1301/770 955/1288/770
f 933/1276/771 646/1303/771 948/1290/771
f 872/1304/772 947/1271/772 962/1302/772
f 960/1298/773 959/1296/773 974/1305/773 975/1306/773
f 953/1299/774 952/1297/774 967/1307/774 968/1308/774
f 961/1300/775 960/1298/775 975/1306/775 976/1309/775
f 954/1301/776 953/1299/776 968/1308/776 969/1310/776
f 962/1302/777 961/1300/777 976/1309/777 977/1311/777
f 955/1288/778 954/1301/778 969/1310/778 970/1312/778
f 948/1290/779 646/1313/779 963/1314/779
f 872/1315/780 962/1302/780 977/1311/780
f 956/1289/781 955/1288/781 970/1312/781 971/1316/781
f 949/1291/782 948/1290/782 963/1314/782 964/1317/782
f 957/1292/783 956/1289/783 971/1316/783 972/1318/783
f 950/1293/784 949/1291/784 964/1317/784 965/1319/784
f 958/1294/785 957/1292/785 972/1318/785 973/1320/785
f 951/1295/786 950/1293/786 965/1319/786 966/1321/786
f 959/1296/787 958/1294/787 973/1320/787 974/1305/787
f 952/1297/788 951/1295/788 966/1321/788 967/1307/788
f 972/1318/789 971/1316/789 986/1322/789 987/1323/789
f 965/1319/790 964/1317/790 979/1324/790 980/1325/790
f 973/1320/791 972/1318/791 987/1323/791 988/1326/791
f 966/1321/792 965/1319/792 980/1325/792 981/1327/792
f 974/1305/793 973/1320/793 988/1326/793 989/1328/793
f 967/1307/794 966/1321/794 981/1327/794 982/1329/794
f 975/1306/795 974/1305/795 989/1328/795 990/1330/795
f 968/1308/796 967/1307/796 982/1329/796 983/1331/796
f 976/1309/797 975/1306/797 990/1330/797 991/1332/797
f 969/1310/798 968/1308/798 983/1331/798 984/1333/798
f 977/1311/799 976/1309/799 991/1332/799 992/1334/799
f 970/1312/800 969/1310/800 984/1333/800 985/1335/800
f 963/1314/801 646/1336/801 978/1337/801
f 872/1338/802 977/1311/802 992/1334/802
f 971/1316/803 970/1312/803 985/1335/803 986/1322/803
f 964/1317/804 963/1314/804 978/1337/804 979/1324/804
f 991/1332/805 990/1330/805 1005/1339/805 1006/1340/805
f 984/1333/806 983/1331/806 998/1341/806 999/1342/806
f 992/1334/807 991/1332/807 1006/1340/807 1007/1343/807
f 985/1335/808 984/1333/808 999/1342/808 1000/1344/808
f 978/1337/809 646/1345/809 993/1346/809
f 872/1347/810 992/1334/810 1007/1343/810
f 986/1322/811 985/1335/811 1000/1344/811 1001/1348/811
f 979/1324/812 978/1337/812 993/1346/812 994/1349/812
f 987/1323/813 986/1322/813 1001/1348/813 1002/1350/813
f 980/1325/814 979/1324/814 994/1349/814 995/1351/814
f 988/1326/815 987/1323/815 1002/1350/815 1003/1352/815
f 981/1327/816 980/1325/816 995/1351/816 996/1353/816
f 989/1328/817 988/1326/817 1003/1352/817 1004/1354/817
f 982/1329/818 981/1327/818 996/1353/818 997/1355/818
f 990/1330/819 989/1328/819 1004/1354/819 1005/1339/819
f 983/1331/820 982/1329/820 997/1355/820 998/1341/820
f 995/1351/821 994/1349/821 1009/1356/821 1010/1357/821
f 1003/1352/822 1002/1350/822 1017/1358/822 1018/1359/822
f 996/1353/823 995/1351/823 1010/1357/823 1011/1360/823
f 1004/1354/824 1003/1352/824 1018/1359/824 1019/1361/824
f 997/1355/825 996/1353/825 1011/1360/825 1012/1362/825
f 1005/1339/826 1004/1354/826 1019/1361/826 1020/1363/826
f 998/1341/827 997/1355/827 1012/1362/827 1013/1364/827
f 1006/1340/828 1005/1339/828 1020/1363/828 1021/1365/828
f 999/1342/829 998/1341/829 1013/1364/829 1014/1366/829
f 1007/1343/830 1006/1340/830 1021/1365/830 1022/1367/830
f 1000/1344/831 999/1342/831 1014/1366/831 1015/1368/831
f 993/1346/832 646/1369/832 1008/1370/832
f 872/1371/833 1007/1343/833 1022/1367/833
f 1001/1348/834 1000/1344/834 1015/1368/834 1016/1372/834
f 994/1349/835 993/1346/835 1008/1370/835 1009/1356/835
f 1002/1350/836 1001/1348/836 1016/1372/836 1017/1358/836
f 1014/1366/837 1013/1364/837 1028/1373/837 1029/1374/837
f 1022/1367/838 1021/1365/838 1036/1375/838 1037/1376/838
f 1015/1368/839 1014/1366/839 1029/1374/839 1030/1377/839
f 1008/1370/840 646/1378/840 1023/1379/840
f 872/1380/841 1022/1367/841 1037/1376/841
f 1016/1372/842 1015/1368/842 1030/1377/842 1031/1381/842
f 1009/1356/843 1008/1370/843 1023/1379/843 1024/1382/843
f 1017/1358/844 1016/1372/844 1031/1381/844 1032/1383/844
f 1010/1357/845 1009/1356/845 1024/1382/845 1025/1384/845
f 1018/1359/846 1017/1358/846 1032/1383/846 1033/1385/846
f 1011/1360/847 1010/1357/847 1025/1384/847 1026/1386/847
f 1019/1361/848 1018/1359/848 1033/1385/848 1034/1387/848
f 1012/1362/849 1011/1360/849 1026/1386/849 1027/1388/849
f 1020/1363/850 1019/1361/850 1034/1387/850 1035/1389/850
f 1013/1364/851 1012/1362/851 1027/1388/851 1028/1373/851
f 1021/1365/852 1020/1363/852 1035/1389/852 1036/1375/852
f 1033/1385/853 1032/1383/853 1042/838/853 570/837/853
f 1026/1386/854 1025/1384/854 565/833/854 1040/841/854
f 1034/1387/855 1033/1385/855 570/837/855 1043/843/855
f 1027/1388/856 1026/1386/856 1040/841/856 566/845/856
f 1035/1389/857 1034/1387/857 1043/843/857 1044/847/857
f 1028/1373/858 1027/1388/858 566/845/858 1041/849/858
f 1036/1375/859 1035/1389/859 1044/847/859 1045/851/859
f 1029/1374/860 1028/1373/860 1041/849/860 567/853/860
f 1037/1376/861 1036/1375/861 1045/851/861 1046/855/861
f 1030/1377/862 1029/1374/862 567/853/862 568/857/862
f 1023/1379/863 646/1390/863 1038/859/863
f 872/1391/864 1037/1376/864 1046/855/864
f 1031/1381/865 1030/1377/865 568/857/865 569/863/865
f 1024/1382/866 1023/1379/866 1038/859/866 1039/834/866
f 1032/1383/867 1031/1381/867 569/863/867 1042/838/867
f 1025/1384/868 1024/1382/868 1039/834/868 565/833/868
